frame,timestamp,pitch,yaw,roll,confidence
0,0.0,18.405319370738773,7.500254630721148,-1.4795587134899235,0.8270961425516469
1,0.016658536585365855,21.99515226138597,4.826817242960689,-1.1250246418627536,0.9371563873040512
2,0.03331707317073171,17.735693035316203,3.0868853823490325,-2.071582868769529,0.9443307923861953
3,0.049975609756097564,21.437156351596478,-1.2940942642786284,-1.1919967384730756,0.9387954243901868
4,0.06663414634146342,-13.40953081957479,-0.35843816803535994,11.482075982094338,0.9146961228383965
5,0.08329268292682927,-8.473126264847902,-10.953048365244907,22.717729789101387,0.8199919935673444
6,0.09995121951219513,13.557791016495171,-10.563187643616166,9.848026314974476,0.8302240776540734
7,0.11660975609756098,6.440352881845688,-8.2633129850631,3.6597800821822135,0.9535164960105744
8,0.13326829268292684,-11.263943485991597,-2.7477263823931635,12.60708795075044,0.8410157548651293
9,0.14992682926829268,-11.555614219871588,-4.776644824012207,9.356914260274179,0.8102803737182304
10,0.16658536585365855,-23.225523895955668,0.979410503548797,23.30717647576925,0.9584149600126106
11,0.1832439024390244,-0.4928801065683661,1.569605178182464,-12.2972532401044,0.9001795802740159
12,0.19990243902439025,-8.64783504613064,-13.779946754339075,16.048128825348208,0.7175298679289557
13,0.2165609756097561,11.916902164670985,-9.655909130459614,7.748068362088608,0.8803824012940417
14,0.23321951219512196,2.5901433546390464,7.940715946101554,-5.547736391224648,0.711532017808489
15,0.2498780487804878,6.596696531142261,-4.4882790420779815,-21.675296647449976,0.7970135138678087
16,0.2665365853658537,18.64741165563682,12.364580318274365,14.330689794333185,0.7396585803073316
17,0.28319512195121954,13.96823098815735,-7.874285997027693,15.972782641744782,0.7987065814098339
18,0.29985365853658535,5.651533741883878,15.051695996489142,-14.987160898535034,0.9931454337340269
19,0.3165121951219512,-14.053841872842048,-12.307576541898761,-13.55812980972416,0.968667965075815
20,0.3331707317073171,2.3231382829174185,-12.885544074916142,-20.210794635671977,0.7948937269547978
21,0.34982926829268296,9.426955219813653,11.317999021306239,2.936998645686865,0.9310944527139818
22,0.3664878048780488,1.5106128115191708,-2.3173985880463652,15.28494080761056,0.8713767017647616
23,0.38314634146341464,-7.275743877019829,-5.10863843662988,8.415346774493097,0.7599470095630475
24,0.3998048780487805,-9.237225428560912,5.734333007171906,9.288174551385103,0.7146435251729849
25,0.4164634146341464,-22.304228566681736,-14.74962283038323,9.539516828598034,0.7369442319606301
26,0.4331219512195122,-3.649080678748843,0.6310938127753598,2.4832065581351697,0.8630519574088018
27,0.44978048780487806,-8.116276263695106,5.152195956738822,-17.983945889291697,0.7041522543104765
28,0.46643902439024393,2.7334391658121144,-16.630193541561503,-18.437403312254048,0.8814437011327123
29,0.4830975609756098,9.514906465940394,-2.092587186313346,-10.016780534003717,0.7999677184365498
30,0.4997560975609756,-16.28947477412176,19.71606298349386,13.372490216076836,0.7877260858092763
31,0.5164146341463415,14.883011398455315,13.098171878093293,18.20264087898152,0.8776352744727746
32,0.5330731707317073,18.428811132246878,-2.5884369257423603,-3.849845845925892,0.7674650378899583
33,0.5497317073170732,-0.7284699030613924,9.696941728841038,-16.432685845650223,0.8373542726369575
34,0.5663902439024391,-21.1545351642088,-14.184486035351522,4.8109187669300155,0.9774614191745145
35,0.5830487804878048,7.776707048003099,3.719633273761098,-15.292206571142643,0.985801688596496
36,0.5997073170731707,-8.834960548788912,-2.7066655584676047,8.783603905121195,0.8221269424540529
37,0.6163658536585366,-18.659476127332784,1.7780409371467356,-5.445903174851321,0.7968142430027507
38,0.6330243902439024,14.799796942508628,2.1974699833459734,-12.98551881484147,0.7665731994171977
39,0.6496829268292683,-2.169928052921402,-7.380741584629934,13.00376813677988,0.7811952186861997
40,0.6663414634146342,8.136946870060566,16.81964427763733,12.628533137963721,0.8732203895745788
41,0.683,-2.650720687307744,-6.582703529998094,11.447151537426397,0.9315252665926803
42,0.6996585365853659,3.3476169087064513,4.206123504384951,1.461855943870497,0.9126248080682863
43,0.7163170731707317,7.763655518636175,-9.759817586616956,8.85657585689263,0.7822133400949053
44,0.7329756097560975,2.47815258928355,1.0552253123534192,9.24844065280535,0.8173665869632478
45,0.7496341463414634,-4.626488544927877,3.3114473704624032,2.031796358841662,0.8817940702059711
46,0.7662926829268293,2.2674793350215796,11.064082291038718,-15.853846192491538,0.8808244020171926
47,0.7829512195121952,18.831558778449345,21.06668999880702,-5.916385561380797,0.9525370578056025
48,0.799609756097561,15.629477469073407,5.959535636083276,18.119391158347632,0.7685608095147749
49,0.8162682926829269,14.8196879235546,2.5061692493553176,-11.244922878276476,0.819807211849784
50,0.8329268292682928,12.396773724564301,-12.088527909072441,11.430021545073703,0.8577153948277662
51,0.8495853658536585,21.256902121451606,2.9892350225710853,-13.901896716239929,0.9740636168196928
52,0.8662439024390244,12.97820721793431,-7.83232019478422,2.7448089917716976,0.7102351121161485
53,0.8829024390243903,0.20006651603898318,-6.212968464589684,5.74296112664177,0.7619268406778221
54,0.8995609756097561,-12.903018188712924,0.10619039210315018,-4.573789576171883,0.8450593217748094
55,0.916219512195122,-6.955204386564552,0.7367711440358209,17.31046563259518,0.7163620985471365
56,0.9328780487804879,-3.619884138254293,10.51473260779083,16.595141284332108,0.874672993271899
57,0.9495365853658537,-16.108032190245456,-0.5388422042873202,-7.2659030307498345,0.8286692467221431
58,0.9661951219512196,9.022077944149128,-2.611165277411373,5.731429088642831,0.9574093418771531
59,0.9828536585365854,12.479571394041443,-15.464424534722845,13.26255608023984,0.9485984023238304
60,0.9995121951219512,3.31875385209526,8.562190959102967,-0.6315973979383043,0.8068843727652195
61,1.0161707317073172,-5.625630823190775,1.623282437735348,19.35226959251447,0.8885963507645885
62,1.032829268292683,14.931020380346235,5.343285297771647,-7.388039262087479,0.8641268790917109
63,1.0494878048780487,7.383182121291864,3.815684734622157,-20.827345638718423,0.791893042086071
64,1.0661463414634147,-2.1692259914730925,-11.03660728292473,14.69240949510352,0.8374336958699587
65,1.0828048780487805,-1.4220296640788344,14.73969145566963,20.451641807504537,0.877507775687082
66,1.0994634146341464,-10.494931585510738,21.3416863397634,26.01445256945805,0.897958275551615
67,1.1161219512195122,-10.494931585510738,21.3416863397634,26.01445256945805,0.7208527066413264
68,1.1327804878048782,-10.494931585510738,21.3416863397634,26.01445256945805,0.7601304743209645
69,1.149439024390244,-10.494931585510738,21.3416863397634,26.01445256945805,0.7981302833727828
70,1.1660975609756097,4.861253239053258,-4.841640362525871,13.365574586386176,0.8045475740471951
71,1.1827560975609757,0.6875345579552556,7.528046993921675,22.22614264545718,0.7059148464765397
72,1.1994146341463414,-15.049468897447811,-0.6619740314122544,-10.723978245229926,0.9489701756611352
73,1.2160731707317074,-20.87785404384435,9.223948216305724,-3.328785162116838,0.7032346145982968
74,1.2327317073170732,10.143191260190934,6.431032118207611,4.293238498897909,0.78960708625593
75,1.2493902439024391,-1.3016074281322134,10.871051445461939,9.564462516676333,0.81794547285488
76,1.266048780487805,-7.868648299351507,-16.11727837702849,14.65281803337653,0.9253925919084321
77,1.2827073170731709,-3.3949581294614593,-16.06418195069984,11.340859840330449,0.7323185400210558
78,1.2993658536585366,6.555511083467259,5.139436206507861,-7.884291918029816,0.7395769458325305
79,1.3160243902439024,-2.212874261159426,5.657059157091118,12.06409006660139,0.9958946881555273
80,1.3326829268292684,13.71911844497035,-14.870377635258553,24.138382345160867,0.8834474324854178
81,1.3493414634146341,-16.281243590450362,-5.833103873852935,14.336079176861807,0.7136168883455297
82,1.366,14.342756827635842,-11.945531356879865,18.184895837541543,0.7102561222333228
83,1.3826585365853659,-12.18729243476699,-18.139173504868836,-2.3908934891245153,0.9747844551023881
84,1.3993170731707318,-3.729830097471053,4.646221202343355,-13.089709966739202,0.8763921764435627
85,1.4159756097560976,18.087258724676264,-3.10436907596164,-1.3356229568589124,0.8384074182135296
86,1.4326341463414634,18.02806249993362,-1.2964187713718083,1.2716344097929209,0.8923813241233138
87,1.4492926829268293,3.343362271036858,-1.9623592551689608,-8.613982387622041,0.7073914168424016
88,1.465951219512195,6.202091629320342,-2.6395624510383087,13.253029849769888,0.9412499126946088
89,1.482609756097561,9.26035937989582,5.739841644478661,-7.615776282868875,0.8868298238974249
90,1.4992682926829268,-9.770062477496696,22.41691985488795,-15.627607909548612,0.7322347342286213
91,1.5159268292682928,-5.059139062850492,12.600938568240675,-23.3120862095896,0.7192001183956725
92,1.5325853658536586,14.67448880969151,-6.459875053205341,3.7332867923694755,0.7031017410892143
93,1.5492439024390243,24.01579395205527,9.133333291938394,1.148471083780814,0.7566514505466599
94,1.5659024390243903,-1.2625869875778024,-8.90755498534139,0.620865216743261,0.9055618042787226
95,1.582560975609756,-8.635769833439099,14.223608374307652,15.607716724005925,0.8524957894822048
96,1.599219512195122,-3.935596984439761,-13.643192569719668,-5.858933062742928,0.7723078661909639
97,1.6158780487804878,-22.019246297076446,-20.49739781987194,17.089443076880407,0.9450649402138722
98,1.6325365853658538,13.653130132871949,-4.894337778468509,15.283510968221146,0.9778505952352321
99,1.6491951219512195,-2.988402755431408,-4.786409625543485,23.171119951051796,0.7377336004766466
100,1.6658536585365855,-8.271858070551051,-1.965272302116502,17.84404886534942,0.8517785191978177
101,1.6825121951219513,16.502416349086943,-6.4059107737587375,4.543923582066864,0.8764372503089777
102,1.699170731707317,6.661313048348383,-13.123568552202538,0.22948618803672916,0.7340555422266847
103,1.715829268292683,-13.649260417958642,13.156070230789453,-8.481661479629913,0.8191145053725962
104,1.7324878048780488,4.290859360641125,21.71979970514419,3.3646775253692525,0.75130641399593
105,1.7491463414634147,18.736236068314863,21.453458439100842,-8.04498113565316,0.714722595976025
106,1.7658048780487805,-7.021189830323957,7.415155265632181,-3.5207353502259924,0.7264169367046082
107,1.7824634146341465,0.25386222355729826,-6.776865802590558,15.491493789921238,0.952722308554766
108,1.7991219512195122,-12.117012700172026,-0.8739471417191766,13.002421006771261,0.9786453941372633
109,1.815780487804878,16.11753371919023,12.899636293409145,14.900829424413681,0.9000840555323915
110,1.832439024390244,2.54590929807808,-11.275377741110223,14.466893362814293,0.8811497712240686
111,1.8490975609756097,-6.207107073062379,17.05814410751889,-6.6079895291037785,0.7604899183501163
112,1.8657560975609757,-10.126114066784245,-7.706453384014429,-12.650810813273731,0.826227414453381
113,1.8824146341463415,9.564250694858062,7.053155774320164,-5.99272139095761,0.890268823631743
114,1.8990731707317074,4.230894236346403,-14.87021682867724,-13.67485996139162,0.9353733202411391
115,1.9157317073170732,-16.535665870533226,-9.386842809172906,8.33666189096007,0.7125305643986435
116,1.9323902439024392,-19.740780876591735,4.977597764164209,-12.442571956450369,0.7399840386652364
117,1.949048780487805,-19.54364077336583,12.507020146197416,13.64354991515481,0.7109810835203898
118,1.9657073170731707,-26.29863347229646,13.104049575044087,-9.143100309044664,0.7972336970210622
119,1.9823658536585367,-2.087021560239,-8.188204196030794,-21.793884418320093,0.818738635886107
120,1.9990243902439024,-9.513217675577929,7.310868449627044,-14.968257339961891,0.9109213956454555
121,2.0156829268292684,-21.95845918301065,-2.103007473245568,2.8895395877956176,0.8379934603389722
122,2.0323414634146344,-5.969390411126229,-16.40028752820354,5.544117851400315,0.9081484596747411
123,2.049,-5.89555484938027,-18.68365937198636,-11.123348005990385,0.8605309934722296
124,2.065658536585366,14.393976740041243,1.5428252197896324,-21.87742736798994,0.7342854350796496
125,2.082317073170732,-13.609763554130954,-7.179174983770052,-4.535349009218335,0.7555007871472712
126,2.0989756097560974,14.758350579385166,9.281183645555634,-9.950412817117519,0.8391072476823475
127,2.1156341463414634,15.595631429726401,11.123345847975722,-2.5041816269682737,0.7074367834470262
128,2.1322926829268294,-0.4524599947632968,11.756260465201738,11.512041914303655,0.7114376140813835
129,2.1489512195121954,16.56380164930127,-14.246400450995784,-16.465546375073686,0.8228788402233859
130,2.165609756097561,-4.686364990962638,-15.910946533350344,7.079937031761685,0.8972724147753333
131,2.182268292682927,-6.875753332969279,16.20668125372447,16.25670417069257,0.9962699377877143
132,2.198926829268293,-9.525947387900661,-0.913531735264181,13.642306015780111,0.757966177004507
133,2.2155853658536584,-15.373838945124945,4.5089732410727565,-0.609841687036111,0.7685237565290045
134,2.2322439024390244,-18.861078093164274,8.857177040935131,12.722958396993393,0.891191946089512
135,2.2489024390243904,6.811545224832579,-9.743704392908358,23.45857994178591,0.8897867252093647
136,2.2655609756097563,-18.921604615105807,-8.63738281615356,4.7811631863964585,0.8167587445263431
137,2.282219512195122,2.8441613941395323,-16.078291473214012,-11.238878771816022,0.8615483873048732
138,2.298878048780488,-16.84444692942058,11.951454184668329,4.065966011614083,0.7265095717514564
139,2.315536585365854,-10.119615007752977,12.595827606475666,-15.714238159971945,0.9726455519089197
140,2.3321951219512194,-10.941963859734921,20.655011549201056,8.885211152871598,0.8230914100610189
141,2.3488536585365853,15.557953381949016,10.326640373354532,-7.085834538125078,0.7044212220145201
142,2.3655121951219513,10.389049397610913,-8.837851172376869,-10.34812690845593,0.9666896924952773
143,2.3821707317073173,-5.583388019162209,3.4352891403742545,-1.172867339113314,0.7862920874119091
144,2.398829268292683,-16.135131607288216,6.994942793620101,-21.098784106253714,0.9800165532322593
145,2.415487804878049,8.436579254895747,-6.767168732808195,-7.377873253238297,0.8251822184410768
146,2.432146341463415,2.5386376051225676,-12.06954490607677,-5.080153989273404,0.7364643450960617
147,2.4488048780487808,10.202870607209348,2.218150447189184,-19.293064141809253,0.7936503538343265
148,2.4654634146341463,18.010319192612684,2.314067264607405,0.5248656284513809,0.8826809750778064
149,2.4821219512195123,-8.191335907004863,-15.387599602118435,13.898255749086331,0.8893165595027368
150,2.4987804878048783,-8.571362445743933,-3.406021272380925,12.770099340240844,0.7904246522906826
151,2.515439024390244,3.0835721432223644,-15.646741014302185,9.357519998321045,0.9420704880326968
152,2.53209756097561,5.00391998457344,4.480147852000736,8.076362290608923,0.8535499313587153
153,2.5487560975609758,-11.186873367547111,21.891936116175636,-13.242715039648985,0.9684220691046116
154,2.5654146341463417,10.177764679108446,6.470416512256905,6.071044846887104,0.7029739499530404
155,2.5820731707317073,21.043742934994025,-10.620079876687607,-9.640342499570957,0.7427190421547005
156,2.5987317073170733,-13.299453278946842,16.93671911989619,-18.66363559775559,0.7279119966910543
157,2.6153902439024392,-0.9171434975166712,-4.212716904007004,15.380399297895835,0.8581454239690511
158,2.6320487804878048,18.11698292753863,-13.18496584306889,5.134307472530096,0.8446562638343051
159,2.6487073170731708,7.350903357065571,-9.28598104258564,-0.25117189484214064,0.9061478457007494
160,2.6653658536585367,-4.707010464113244,-9.557262501619771,-0.5058893377613447,0.9642835772743605
161,2.6820243902439027,-19.37867261269087,-17.75860604663748,-5.17576654064356,0.9890075559467328
162,2.6986829268292682,-26.47139258662263,7.456641853939623,-2.698082866249721,0.9570962637303938
163,2.7153414634146342,-24.642447802352983,10.225333054946356,-5.970258776778927,0.8542561925688147
164,2.732,-18.26350688991942,22.924302717882018,-4.45582783619944,0.9266759570076678
165,2.7486585365853657,-0.19859675698079116,0.5895068224747035,-17.614088907769766,0.8636726265694618
166,2.7653170731707317,-17.53872988017204,6.464200210506032,-9.1617296826935,0.7850169558520875
167,2.7819756097560977,-21.243977631878806,-12.562875047053517,-21.403392759243843,0.8600507098643461
168,2.7986341463414637,8.25723527309876,-0.13235363046927517,-6.844329659122162,0.8440552461725661
169,2.815292682926829,21.56920057834619,-18.0386509595947,-11.848009311108461,0.9157949226812541
170,2.831951219512195,9.916386466785315,-16.054934032970074,4.165383456545484,0.7481586325960793
171,2.848609756097561,15.291759483798257,-4.59330823242777,8.17173503103652,0.7812135574158947
172,2.8652682926829267,8.523121483574414,14.612475092929737,7.920074193941655,0.7207784526897136
173,2.8819268292682927,-6.127813220309736,0.8883057305571707,-0.9641331165287266,0.952435822774208
174,2.8985853658536587,-3.651131487359483,13.0650720131475,14.4006506474393,0.8100846134140448
175,2.9152439024390246,-10.599537000778614,20.51117027584618,-3.467795553860233,0.8294334261479018
176,2.93190243902439,1.001188727916582,1.2284968221768349,0.10077235284871522,0.9448878545837659
177,2.948560975609756,13.991752470891367,13.95777226959902,1.7947906586397888,0.8897182861772919
178,2.965219512195122,22.47238469034491,6.003668304312804,7.264125065387852,0.7292569158119678
179,2.9818780487804877,7.768198491801782,14.093175386237808,17.305907000750775,0.7365067236633522
180,2.9985365853658537,-12.33467565325243,3.3639825563260546,1.8823466479832502,0.8602185752078205
181,3.0151951219512196,-21.623434392346926,11.66754669415918,9.027261064912889,0.7641402749365694
182,3.0318536585365856,-4.973046467409306,16.44904801273495,-12.220203489684305,0.7694455657664293
183,3.048512195121951,-11.954867620182107,-6.5483487933730595,-23.65033970151324,0.826173567178478
184,3.065170731707317,-5.5402925479220055,6.584296123807954,5.6063539410515055,0.9788575382086706
185,3.081829268292683,-0.5427905082259943,-10.605194479919218,6.609818318214916,0.9574654395674819
186,3.0984878048780486,9.563337616616716,-4.2705369729642655,-5.4975415629517705,0.722378949779049
187,3.1151463414634146,20.6792733747734,18.901089625092844,-14.520992184201686,0.73801608074965
188,3.1318048780487806,4.253936506063039,3.1508657790524826,-1.000799305771336,0.8891130187502413
189,3.1484634146341466,-5.069697166608053,-18.364961613345386,-17.106305854077554,0.751892402361097
190,3.165121951219512,-7.977958048267505,-14.395070026791116,-15.05850214670068,0.7735838094699773
191,3.181780487804878,12.298700184082728,3.6764619176083153,-21.374879190305442,0.796269819507016
192,3.198439024390244,-4.672940834865798,16.137756315649884,-26.673870210408964,0.760611009863898
193,3.21509756097561,-19.93560448653524,5.512922684582333,-2.5447518373847418,0.8436166789002563
194,3.2317560975609756,2.999070078920912,9.580731293891528,7.268016419065638,0.9588168458383692
195,3.2484146341463416,17.81174889939092,8.158123563689559,1.6889379303311738,0.9037237961145571
196,3.2650731707317076,-12.991380148430817,0.6471933695859309,-12.79948304739394,0.8166323132824658
197,3.281731707317073,1.8486663248683435,13.281692499155103,3.159735729332919,0.9680216510464711
198,3.298390243902439,12.509992815171728,-3.189034232229913,-18.326099565828706,0.8557356988445739
199,3.315048780487805,3.3832743103501803,16.674779921557242,2.0506464478535893,0.8187035283805976
200,3.331707317073171,-19.068815474408723,-2.977432227691348,13.933070986602537,0.9634954560329593
201,3.3483658536585366,-8.624227929739599,1.8300612461138388,24.440817199488095,0.8926425019758276
202,3.3650243902439025,2.7185350265764865,-16.12884509880488,22.976921893647372,0.8661443342335416
203,3.3816829268292685,-0.853380009295439,-23.42192977262546,9.33160018255684,0.8020229076795811
204,3.398341463414634,-14.248030209340591,7.4721921307179,-13.386871379384672,0.8785880681834932
205,3.415,-10.418139697639038,-2.0931350770986166,-1.2620388820056205,0.82285841548778
206,3.431658536585366,2.5687118115673475,-12.262366896595461,1.3815649650288513,0.9630651353502431
207,3.448317073170732,4.792164825064738,-19.096225888636035,-7.00853741352027,0.7470055099583486
208,3.4649756097560975,-6.6580527071398725,12.543936488010017,3.6862371517277537,0.7899430822962693
209,3.4816341463414635,-7.551423331025824,19.246813121438013,7.005805772449335,0.7333134914695163
210,3.4982926829268295,15.760658054290642,-5.326608250331389,-11.86106954749379,0.8576705524700632
211,3.514951219512195,14.576568666266223,-19.835247054137742,11.752122178467523,0.9809076220558335
212,3.531609756097561,5.89764308771276,-16.164974906176237,-5.712508168539037,0.7634179357642802
213,3.548268292682927,18.6895013104018,14.69161267898987,-21.439412303502536,0.7213568548747723
214,3.564926829268293,13.438736357834664,22.939945034235585,-16.71016283239361,0.7855182249872268
215,3.5815853658536585,-0.020430143523663347,0.8045715129781215,10.714890580671911,0.7756082725123986
216,3.5982439024390245,-10.06137686500141,3.855591682796379,-16.605173789836037,0.7346363465474295
217,3.6149024390243905,-17.8423056594032,5.912037925019532,-14.806955640465512,0.7138702279853161
218,3.631560975609756,-14.265074170667956,-7.908462828512009,-9.676159363397804,0.7393500969588117
219,3.648219512195122,9.513418129821645,4.043550180547403,-11.959837756216796,0.7819832486053345
220,3.664878048780488,15.4972492435622,-2.768089868056849,-19.783276513580798,0.8254582215121458
221,3.681536585365854,15.099916518720473,20.039943131442637,-14.906868013334751,0.8751136810000403
222,3.6981951219512195,16.70569897039041,4.435184648337451,16.133772999259097,0.8737542661669743
223,3.7148536585365854,-1.0795551202406068,-19.11404862516902,22.089453683353867,0.9340698785774108
224,3.7315121951219514,4.790932124175886,4.2001986273861185,9.907114762891114,0.7049066427657557
225,3.748170731707317,20.553944570662964,-8.784455987917102,10.91944801480271,0.7859697779471236
226,3.764829268292683,18.967202801278017,-10.435442191878476,3.6425331676860764,0.7106984556640702
227,3.781487804878049,15.368195943551491,6.938519523736151,5.090730858505474,0.9498609884617534
228,3.798146341463415,-13.203895009962823,22.894238609397693,11.12175960139278,0.9277596421603578
229,3.8148048780487804,-10.011322989707494,27.08174242939907,-13.028242846930395,0.941761302998788
230,3.8314634146341464,-4.7038000836813865,19.633561046042104,-14.36192206228555,0.8618040031848329
231,3.8481219512195124,-17.94256406097521,4.983533337251478,-19.404462896291825,0.8767846385097235
232,3.8647804878048784,-19.681243242624227,-9.505995935839959,-3.3681109929633433,0.8053306957887657
233,3.881439024390244,12.139405016139452,-8.269317653200895,-2.942182876432442,0.8219733241455387
234,3.89809756097561,-0.43685656509464454,0.47892965134626087,7.909261923532962,0.9930851971978024
235,3.914756097560976,14.428498261020753,-19.181846441696294,-9.354598541966702,0.7482905766991377
236,3.9314146341463414,-14.364370486172565,-25.174303611344463,0.5568164136245954,0.8060555322096913
237,3.9480731707317074,-17.1722471834321,-7.231771395420782,5.996643944127516,0.7951475009974243
238,3.9647317073170734,6.949358057799174,15.168546715870775,-0.7662482272375803,0.948767666748286
239,3.9813902439024393,-14.187481265833108,-4.839968622868309,16.25940435322354,0.8527957890269506
240,3.998048780487805,-19.631959790311527,3.604196153924504,8.006686215669138,0.7818015335720839
241,4.014707317073171,1.2385637721258762,-0.6260438807262867,18.781499035304016,0.756021586641352
242,4.031365853658537,-19.094033134777472,11.512322259080616,-12.215036483558762,0.9490242501808861
243,4.048024390243903,-16.466186968059187,8.10722933865777,-10.72498885796785,0.8784899770164292
244,4.064682926829269,-25.590799068150996,-10.913501283708333,-13.616487995937689,0.9189921702420197
245,4.081341463414634,-2.2488040124893436,-19.97058160539869,-11.398646848748598,0.8501426235740882
