frame,timestamp,pitch,yaw,roll
0,0.0,1.4194265073104053,22.72345125335588,4.862589564650464
1,0.016663889351774704,-0.7324227335312314,21.800599932452215,5.684111605927545
2,0.03332777870354941,-0.8410175756471636,22.83361115632342,6.3621890596438675
3,0.049991668055324116,0.22827492760895085,25.023576263221692,5.2676955148203035
4,0.06665555740709882,0.1906654050035028,24.87669527370041,6.0021328287935996
5,0.08331944675887352,0.4761039558242335,25.26146446945539,5.037344349928443
6,0.09998333611064823,-2.8981910887662927,27.17970266139056,6.74430586286174
7,0.11664722546242293,-2.785115656981595,27.09933515240413,6.075748866718485
8,0.13331111481419763,-1.8800894188234598,26.811609308398964,4.946881919512732
9,0.14997500416597234,-3.2779586753204524,28.192516560194754,5.895375718025412
10,0.16663889351774705,-4.426425002972564,28.354993473163272,6.158836378073185
11,0.18330278286952176,-3.464115464114022,31.25262051409475,6.251035086172417
12,0.19996667222129647,-4.416483639388822,31.088393688869612,6.541407155135825
13,0.21663056157307117,-5.112895825965743,33.37882398847304,7.206822424273618
14,0.23329445092484585,-2.023287722544995,32.74196630209546,6.466059396377543
15,0.24995834027662056,-4.005547958786868,37.59874479227802,8.203827716993894
16,0.26662222962839527,-3.6042962600486463,37.635525388101975,7.298887764503521
17,0.28328611898017,-6.8444996101761015,44.96370585976509,11.89740581678726
18,0.2999500083319447,-7.747163446616877,44.12872436819532,11.800548482910335
19,0.3166138976837194,-8.590466583802705,50.21368867887348,13.706629985308254
20,0.3332777870354941,-7.695742001194715,49.924482193608654,13.01196756932906
21,0.3499416763872688,-17.113916349599965,57.91257617415693,21.166518439229606
22,0.3666055657390435,-12.554830799732667,59.176806342594006,18.102244925635507
23,0.3832694550908182,-18.20847618920928,63.05103956888488,22.318283917998947
24,0.39993334444259293,-20.54999622932031,66.66686532550509,26.218383589056018
25,0.41659723379436764,-13.830836663936772,73.16565070459022,19.70103446602975
26,0.43326112314614235,-13.92416014154704,74.07086017296288,19.862988437091804
27,0.44992501249791705,-24.198973238450968,76.07430521510422,30.269404288924186
28,0.4665889018496917,-9.629021686879407,73.57458493583678,17.214451866374436
29,0.4832527912014664,-28.393415379452765,79.54655915830222,35.173236782600924
30,0.4999166805532411,-24.182504075131114,77.99089408358715,30.65656465667423
31,0.5165805699050159,-47.507762575429346,80.49417554603819,54.45240645345272
32,0.5332444592567905,-30.146341373537975,79.25041137886424,37.125003206171215
33,0.5499083486085653,-36.51674236680153,79.33753057914481,43.154263753230325
34,0.56657223796034,-31.70871804314184,78.91547912894228,39.20776170196826
35,0.5832361273121147,-41.70217143514745,79.64686988398536,48.27241938143406
36,0.5999000166638894,-47.8985542457402,80.44786294189372,55.209611443461085
37,0.6165639060156641,-49.09386251778748,79.31017406496635,55.784149735052175
38,0.6332277953674388,-58.918519374909394,79.36549329657585,64.37273234772594
39,0.6498916847192134,-78.48206048522681,79.53256445400756,84.47680796446991
40,0.6665555740709882,-78.99568087315401,79.02014828948091,84.07854978373655
41,0.6832194634227629,-85.84575685619737,78.20396497151356,90.77296538051093
42,0.6998833527745376,-87.02295300942771,77.69003838138377,92.57483296906975
43,0.7165472421263123,-86.78627583934285,76.74816639014821,91.37495040880658
44,0.733211131478087,-86.16906512915475,76.84479831023769,91.6005226288696
45,0.7498750208298617,-89.16243349531726,76.33701436511987,94.29157404334562
46,0.7665389101816364,-90.48571280362205,77.15327954536292,94.88131216824861
47,0.7832027995334111,-92.0128516121264,75.95035400230985,96.24311267930995
48,0.7998666888851859,-93.01206741684359,76.83782257136599,97.97631833058433
49,0.8165305782369605,-92.05602110258639,77.66371607036686,96.74281196236416
50,0.8331944675887353,-91.09295650585966,76.94814989840438,95.45956633771561
51,0.8498583569405099,-89.03337056732423,78.03797666628901,93.78980441466035
52,0.8665222462922847,-91.81897655415077,75.11200823199286,96.40566021216577
53,0.8831861356440593,-94.75105990647285,77.1771701075938,99.34236497425799
54,0.8998500249958341,-92.59474321159881,76.72238765492871,97.72619929475252
55,0.9165139143476088,-87.70918911149484,78.02052350603002,92.62586481713181
56,0.9331778036993834,-91.36011284797645,78.24124308699446,97.0982166525589
57,0.9498416930511582,-86.67980855000978,77.68219190189544,91.31866470188098
58,0.9665055824029328,-91.867552254794,78.86613486540072,96.73206685633178
59,0.9831694717547076,-92.69720824112268,76.41471070225391,95.79292811316844
60,0.9998333611064822,-95.54305603520565,76.62142817127167,99.41785259464108
61,1.016497250458257,-95.97557114598263,78.11724310273203,100.03807684495567
62,1.0331611398100318,-94.81124412081859,78.58347285171483,98.73915453503909
63,1.0498250291618063,-93.5894213365574,78.02977385091957,98.42451650319626
64,1.066488918513581,-97.29445818564837,79.12983190676785,102.28968691554302
65,1.0831528078653558,-94.89722947848722,76.61319490252563,99.91485654109752
66,1.0998166972171306,-97.13914380177359,75.0594098935862,101.96520101684692
67,1.1164805865689051,-96.099926355952,75.78862994101411,100.21759350507811
68,1.13314447592068,-95.42729248315611,75.47904954910761,100.42502655161802
69,1.1498083652724547,-95.37561870813536,76.40346211270435,100.47705542965765
70,1.1664722546242294,-95.27093557241572,77.85653561953895,100.23602143150981
71,1.183136143976004,-92.23399865617294,75.55583567564753,97.16589328669706
72,1.1998000333277787,-93.6136094856091,76.28319058731611,98.24157487737284
73,1.2164639226795535,-92.20039147306183,76.18350813514176,96.66383720737821
74,1.2331278120313283,-92.52552198445586,77.3561102592586,96.69621605547466
75,1.2497917013831028,-91.85462116302568,77.25980213721802,96.06696459389592
76,1.2664555907348776,-91.55675415651231,76.45426958501459,95.17699192924425
77,1.2831194800866523,-92.39555642548993,77.07864564936504,95.71033867071468
78,1.2997833694384269,-93.40888459701996,78.26407229806865,96.37222658539487
79,1.3164472587902016,-94.92356607209204,76.47491661376846,98.17982138715634
80,1.3331111481419764,-95.24528296048409,78.15292133570746,98.75500754038335
81,1.3497750374937512,-92.77213360746633,77.67539026487854,96.33512867757283
82,1.3664389268455257,-96.17123075173679,76.0502304166768,99.28945503946414
83,1.3831028161973005,-89.01169553815895,77.11248684920919,93.20897261707324
84,1.3997667055490752,-93.47197466020393,74.86430629360254,96.7712644355877
85,1.41643059490085,-92.87302300814501,76.22646017038915,96.62420458405595
86,1.4330944842526245,-89.95735740260896,77.54671152725119,93.72132317406225
87,1.4497583736043993,-92.21763275718945,76.56109239158265,96.16407520768558
88,1.466422262956174,-93.80774337754875,77.22038876060031,97.26564812787477
89,1.4830861523079488,-91.67781513603747,77.30834820560595,94.35430149285132
90,1.4997500416597234,-93.0969800966485,78.4726002780949,97.23523111375799
91,1.5164139310114981,-91.32307339185175,77.16850972306469,94.11169386785971
92,1.533077820363273,-93.95731482129018,76.56238555688948,97.04333188780652
93,1.5497417097150474,-95.24011436089835,75.7052240698531,98.14396795844159
94,1.5664055990668222,-96.46948463689228,76.64022988285187,99.1858343429183
95,1.583069488418597,-92.71336138560109,78.20453297489225,96.67966103968693
96,1.5997333777703717,-94.64723025023142,76.76678685718794,97.8234472536991
97,1.6163972671221463,-96.50857477367711,77.80547020811917,99.75649687256441
98,1.633061156473921,-97.56070067938884,76.58175356674457,100.6562025091067
99,1.6497250458256958,-94.0101963467143,77.92793066946929,97.03034321928936
100,1.6663889351774706,-95.70287938938998,76.18814219079998,98.91797975004748
101,1.683052824529245,-96.27378832126095,74.42190318211485,98.80622921586345
102,1.6997167138810199,-94.76602673984706,77.37715875079768,97.92497461484459
103,1.7163806032327946,-91.88403319228173,79.07814309717418,95.02114945240227
104,1.7330444925845694,-95.91305475275327,76.5659864903145,98.89391283221941
105,1.749708381936344,-95.18883093859982,74.89757662448348,98.16975627004226
106,1.7663722712881187,-97.08063821363585,76.38210910679777,100.10473518427983
107,1.7830361606398935,-95.88382703937671,77.77625757691028,98.78759400034598
108,1.7997000499916682,-96.30327266280115,75.92738588489595,99.47972628292742
109,1.8163639393434428,-94.98098661855843,76.0331419101623,97.70530792481969
110,1.8330278286952175,-96.4947552626676,75.96783666160198,99.39068576211007
111,1.8496917180469923,-94.69938070778424,76.9865099046287,97.6105002828856
112,1.8663556073987668,-94.82447697779685,76.4224621403279,97.95641846716312
113,1.8830194967505416,-94.26328433142601,77.10996065572958,96.93915458625317
114,1.8996833861023164,-93.2780135860993,76.76389295925865,96.05357597791547
115,1.9163472754540911,-94.99846809372883,77.23418296725048,98.31246090153613
116,1.9330111648058657,-93.22687574655151,76.7396474156491,96.67637207731065
117,1.9496750541576404,-93.11609393377557,77.14133528454245,97.37151688137895
118,1.9663389435094152,-92.5376912485558,77.25650407944546,96.24148535324292
119,1.98300283286119,-94.47050627194618,77.09611351361588,99.36936991108679
120,1.9996667222129645,-93.04798433147887,77.09834642883554,96.44724713691946
121,2.0163306115647393,-90.56618292507557,78.55832779601495,95.51486267045284
122,2.032994500916514,-90.93798258444897,78.48614296322432,95.7801748665414
123,2.0496583902682888,-90.67199500632653,77.08267815945885,96.09896107377872
124,2.0663222796200635,-91.74473751322654,77.86598772521458,96.94051466866841
125,2.0829861689718383,-88.2118811718262,79.1261382644877,94.1819932895327
126,2.0996500583236126,-88.77089053531957,77.81826534788422,94.08850342041583
127,2.1163139476753874,-89.7491534410113,77.31214151542977,95.26379091108404
128,2.132977837027162,-90.7040288500784,77.87647147684754,96.35336362985808
129,2.149641726378937,-91.9369355607208,76.79045362697548,97.698437149192
130,2.1663056157307117,-90.85439819000028,77.94934046808604,97.29980836415982
131,2.1829695050824864,-91.15612381452918,77.46264421609933,97.3416626693643
132,2.199633394434261,-90.40803260694385,77.63520002529472,96.41456700185053
133,2.2162972837860355,-92.44014042314771,76.87825735182977,98.40808510129064
134,2.2329611731378103,-93.4984377689474,75.02785032873341,99.38272503333982
135,2.249625062489585,-89.91036466097147,76.93954813426677,95.81068318928854
136,2.26628895184136,-90.10795256610398,77.04006330801364,96.22353648559742
137,2.2829528411931346,-92.23778969270506,78.50581809884095,98.6104914336219
138,2.2996167305449093,-91.42786266359423,76.86185541734052,96.82170641418762
139,2.316280619896684,-89.55322812098751,76.46325417511369,95.43515306963536
140,2.332944509248459,-93.34446989388904,77.69378721346247,99.40339815362044
141,2.349608398600233,-90.18512855545407,78.2420642473058,95.8099845166284
142,2.366272287952008,-90.0511434234899,78.53827156434437,96.30856931974803
143,2.3829361773037827,-85.36979515998077,77.71434567448175,90.23412387923707
144,2.3996000666555575,-90.2043557287419,78.27220140314124,95.31283411672024
145,2.4162639560073322,-89.36985709179682,77.95663816184748,94.15057269775083
146,2.432927845359107,-90.9022014212029,77.64911465530568,95.738386614176
147,2.4495917347108818,-89.01458347904911,78.91805508676335,93.14352323150354
148,2.4662556240626565,-89.6348341254698,78.79689665588201,93.93581912497511
149,2.482919513414431,-89.99963143920654,79.39614531761953,94.57987389184164
150,2.4995834027662056,-90.18742408140002,79.43433252276124,94.4919493295318
151,2.5162472921179804,-92.89631615932802,79.23094713204567,97.13209998269855
152,2.532911181469755,-92.68824431153118,80.011208577942,96.9661992656349
153,2.54957507082153,-90.5744068464946,78.38502035311143,94.23687819155926
154,2.5662389601733047,-93.51999535478649,78.0733716122503,97.1932973628884
155,2.5829028495250794,-88.97948664926409,79.7787446531641,93.25762331413661
156,2.5995667388768537,-93.57703290666328,79.18274727021503,96.08256501105427
157,2.6162306282286285,-92.54175014708686,77.3904958673881,94.83357511770257
158,2.6328945175804033,-92.37498686879292,79.71330580271541,95.65673211732857
159,2.649558406932178,-93.22673637215712,77.31536048504638,96.22553183245884
160,2.666222296283953,-89.79162347394123,77.16887878736394,92.36344032168748
161,2.6828861856357276,-96.89774923934787,77.36998777116764,99.16919670404111
162,2.6995500749875023,-92.87350976511969,77.71684964019833,94.96678152558428
163,2.716213964339277,-94.6522825015749,77.77337073318941,96.1774926693788
164,2.7328778536910514,-94.78072315864061,78.0891470019812,96.33211987791684
165,2.749541743042826,-96.85092080942269,80.50565927015037,99.01519590990713
166,2.766205632394601,-101.02037185388447,77.15272661372161,102.20198300245353
167,2.7828695217463757,-94.2384234778034,78.071306129762,95.15440875917042
168,2.7995334110981505,-97.83981005614508,78.53280768970434,98.95999457766078
169,2.8161973004499252,-91.03376159893828,80.10385526333131,90.84096382378006
170,2.8328611898017,-97.97470564220855,78.99392908346769,98.83559917909258
171,2.8495250791534743,-90.80525197691024,81.1031998304459,90.37973571245404
172,2.866188968505249,-99.17475796879101,82.51396906823804,98.95500217039107
173,2.882852857857024,-102.8638335129572,80.77077526453277,102.41085590725335
174,2.8995167472087986,-101.86794610242403,81.33956712943774,101.73283287855519
175,2.9161806365605734,-95.39011791063497,80.136556892853,94.63241090289152
176,2.932844525912348,-95.79132958295905,80.66339561011581,95.42945653627798
177,2.949508415264123,-96.26862787110402,79.9034961241258,95.33215332537759
178,2.9661723046158976,-93.23546302073589,80.35088526674885,92.8044996258288
179,2.982836193967672,-95.63571161966708,79.26604089439799,94.9045993535027
180,2.9995000833194467,-95.28559591135563,78.14665171523737,94.05366589245433
181,3.0161639726712215,-95.31490006813586,79.24010782339944,93.70441874685847
182,3.0328278620229963,-95.38265309342276,78.77633199795993,94.31733728847846
183,3.049491751374771,-96.56262222276129,79.31264141968094,95.05000997503193
184,3.066155640726546,-97.02756664113629,78.17836598600742,95.49251571429076
185,3.0828195300783205,-94.85198102589261,78.90037282076936,92.58802463768085
186,3.099483419430095,-95.71452679037684,78.15743016633445,93.53650729042016
187,3.1161473087818696,-99.80439946394758,80.61853876977936,96.83176992565295
188,3.1328111981336444,-96.75451242739044,80.25506531882462,94.67697306275204
189,3.149475087485419,-99.74383575718744,79.96102898577661,97.8316518618789
190,3.166138976837194,-97.58914839251601,80.36209784339947,95.23266839384624
191,3.1828028661889687,-93.1610179239461,79.50663664903357,90.44709382904637
192,3.1994667555407434,-98.6310005458974,78.68738959599766,95.71533510365845
193,3.216130644892518,-96.70715761655767,80.29546055763858,93.97251541348678
194,3.2327945342442925,-97.16462665521867,79.34726216758663,94.59965555588433
195,3.2494584235960673,-89.34557837880523,80.08662204718954,86.05188613322684
196,3.266122312947842,-94.07356221474572,79.73741121667062,90.85332957732035
197,3.282786202299617,-98.74419890520144,80.48960657250504,95.1572549102703
198,3.2994500916513916,-92.68869623917337,78.33179409031885,89.24221606854191
199,3.3161139810031663,-99.04620520508281,81.20591726745164,95.11846566929378
200,3.332777870354941,-94.774141195606,79.90357404718412,90.895778020607
201,3.349441759706716,-96.20876915565745,81.04915139237225,92.0783247007641
202,3.36610564905849,-98.53280844201493,80.88535619556616,94.5878541865178
203,3.382769538410265,-95.82106170418466,80.91991479343261,91.02774921867965
204,3.3994334277620397,-98.31940034114137,79.43120400703162,93.95562305012494
205,3.4160973171138145,-98.80620906830939,81.24267222165226,94.41912621936468
206,3.4327612064655892,-104.3653542861646,80.35039628453704,99.19844759581495
207,3.449425095817364,-96.98079969699421,80.59702596164296,91.52454869928084
208,3.4660889851691388,-101.84236817562861,80.81378028802017,96.36876149985521
209,3.482752874520913,-95.59999113128251,79.93956018314218,89.94589842267828
210,3.499416763872688,-98.40352703676658,79.27403841294465,91.95060491213012
211,3.5160806532244626,-99.42980576783813,78.53754977324274,93.48742605095269
212,3.5327445425762374,-94.09309440706919,77.8398902533419,88.61404593643898
213,3.549408431928012,-100.03567787038078,79.98603857220175,94.22526522971775
214,3.566072321279787,-97.29238805283646,79.96263558964841,90.86458023546919
215,3.5827362106315617,-97.06656220113938,79.469890630593,91.35937515709179
216,3.5994000999833364,-92.28858763434764,80.099901706243,85.52211738524282
217,3.6160639893351108,-98.96660388287354,77.97355742247252,92.54073629648332
218,3.6327278786868855,-99.48672863527032,78.48025885749065,93.42960763381387
219,3.6493917680386603,-100.04207764902424,78.89561968922027,93.44645366975692
220,3.666055657390435,-101.89399522908761,79.85337851587221,95.11550315411792
221,3.68271954674221,-97.79883090223025,79.16238595496557,91.03499012300242
222,3.6993834360939846,-97.57982573235667,78.93615676227446,90.0224901516337
223,3.7160473254457593,-96.70375499859054,80.48332520069454,90.92783728169111
224,3.7327112147975336,-98.38492625256389,78.18356813045799,91.06158374716625
225,3.7493751041493084,-99.0790882692172,78.55485073391876,92.08920207099546
226,3.766038993501083,-94.57440755741872,76.93212999424458,87.1251519038031
227,3.782702882852858,-96.21698104344114,78.86171436937506,89.93497852643262
228,3.7993667722046327,-97.52690454531073,77.72466974315027,89.55505121142056
229,3.8160306615564075,-98.36735313035383,78.36644428675038,91.3305427791006
230,3.8326945509081822,-96.58388882746154,79.41713700125219,89.96126187410805
231,3.849358440259957,-96.23633308980104,77.42658972055636,88.19312911814997
232,3.8660223296117313,-99.16163393605096,78.37140746755817,92.13898343626872
233,3.882686218963506,-100.16932090195085,77.19037942114713,92.8129129398763
234,3.899350108315281,-98.91085584914192,75.82318374480201,90.95626952781988
235,3.9160139976670556,-96.01795369491963,78.39576240884472,87.34225570404436
236,3.9326778870188304,-91.47479373883152,79.57877596931205,83.51878441196209
237,3.949341776370605,-89.01622689170432,80.48448198681209,80.72024958461222
238,3.96600566572238,-94.40633459894586,78.64256057838261,86.72143429307424
239,3.9826695550741547,-93.16788410931811,80.66600622036076,84.08542247717413
240,3.999333444425929,-94.42515203065565,78.6184115215922,86.7481390494864
241,4.015997333777704,-96.36568840387922,79.40747200341598,86.93033278227293
242,4.0326612231294785,-95.00889595145547,79.73269678250365,86.07798029009744
243,4.049325112481253,-94.88322150148801,75.64259198444124,85.63984259225157
244,4.065989001833028,-95.19519906006185,78.30777277823425,86.45334978199341
245,4.082652891184803,-92.98681074429291,77.33761979771423,82.56607896533355
246,4.0993167805365776,-93.65524990633212,76.72439520088896,82.84489330557345
247,4.115980669888352,-94.83625703471253,74.99673819962099,83.69399752238822
248,4.132644559240127,-97.54246191500678,74.51078601912582,86.08442082858437
249,4.149308448591902,-95.49687655331104,77.64499610501822,84.26789539964196
250,4.165972337943677,-96.33478556310072,75.6317297256931,84.72841379755067
251,4.1826362272954505,-96.5093936720686,78.49315987333324,84.15222015506747
252,4.199300116647225,-96.38631997717538,77.86680010010353,84.13118531213837
253,4.215964005999,-98.45659887943138,77.52462269863022,84.68955295786142
254,4.232627895350775,-100.36614835641488,78.01802284242261,87.60877423885485
255,4.2492917847025495,-102.75378485428458,77.01204379307363,88.49392573639787
256,4.265955674054324,-95.77503414469206,74.78635322814824,81.39875912308703
257,4.282619563406099,-97.63025219980675,77.9755899656731,83.22542533706402
258,4.299283452757874,-97.96095086652215,75.83619934343666,83.2427468054291
259,4.315947342109649,-94.67622207969167,76.05229885177698,79.53832157594493
260,4.332611231461423,-100.60619482686711,76.50393306197124,86.0392814034083
261,4.349275120813198,-98.11247816791047,78.59776730884026,83.08004333372821
262,4.365939010164973,-97.28958730706857,77.55888000553026,81.70561120475381
263,4.382602899516748,-94.99397587215527,79.98124764274596,79.87662173764134
264,4.399266788868522,-98.84382618413726,77.91007965798025,82.28619940858484
265,4.415930678220297,-95.09197720579414,77.16100767801721,78.76009315238609
266,4.432594567572071,-98.03270640219647,80.45640729298057,82.00169414641019
267,4.449258456923846,-97.13491094771395,79.28586205440442,79.93568587622418
268,4.465922346275621,-98.00401992480434,79.64261410190673,81.04596359482983
269,4.482586235627395,-96.82855886985159,80.69232115753631,80.48032024081401
270,4.49925012497917,-96.08278902617855,80.55947462874198,78.47149570196184
271,4.515914014330945,-95.47465763338296,80.0495758248972,76.18924302407687
272,4.53257790368272,-96.21242836038219,78.21606593423802,77.87346039384111
273,4.549241793034494,-100.65590053122963,78.23124287472268,81.78065734249678
274,4.565905682386269,-98.04436134702947,77.69015050962335,79.52931005648065
275,4.582569571738044,-95.43865803932675,76.60536463132676,76.93065665108011
276,4.599233461089819,-95.00245503332569,75.50632902187567,77.23297451662503
277,4.615897350441593,-97.41700315566248,77.86130948845775,78.32582543492471
278,4.632561239793368,-93.93934336773259,76.78192282105077,74.74459946692792
279,4.649225129145143,-95.37809718969159,79.05461017391679,76.29515775348433
280,4.665889018496918,-91.19871225230158,77.52367418470786,71.87827654120109
281,4.682552907848692,-89.28796392472005,78.84645045498343,70.73318676595169
282,4.699216797200466,-96.69509898319095,76.50794316535682,78.05016830962693
283,4.715880686552241,-93.59208275605174,76.90962894275584,74.48421060134855
284,4.732544575904016,-91.14952107054036,76.76290857893905,71.11430236019503
285,4.749208465255791,-93.39186304757315,78.28477550500845,73.7176248964127
286,4.765872354607565,-96.16672059607912,78.98182532917305,76.31725943771178
287,4.78253624395934,-94.17658165595084,80.1687261752481,74.355600129167
288,4.799200133311115,-94.69776282898968,76.64998805780898,73.68507018043236
289,4.81586402266289,-95.7936840957627,79.10539361370597,75.529311069388
290,4.8325279120146645,-98.38268267095286,78.60715118088585,77.00616192578622
291,4.849191801366439,-94.69278349089252,77.93216063126111,72.03178040433677
292,4.865855690718214,-88.41801169513077,80.04850863976546,67.39360294260675
293,4.882519580069989,-93.09449694487145,77.78839288855522,70.65936260341245
294,4.8991834694217635,-92.99656297409973,78.92063163600685,70.88733065910505
295,4.915847358773538,-97.27839374349672,79.63904361931813,74.48044837481783
296,4.932511248125313,-95.9441176106683,79.9639680883716,72.44659961644116
297,4.949175137477087,-93.21531629842433,77.42310749070585,68.88587405171499
298,4.965839026828862,-92.20932580061621,78.39535494824267,67.838006662108
299,4.9825029161806365,-95.34510700170567,81.2248352758334,70.44287414637851
300,4.999166805532411,-93.57360162277605,79.86111623747861,68.5275121349809
301,5.015830694884186,-93.2088467982177,78.32521037349866,67.2631626567671
302,5.032494584235961,-97.49407667644437,78.15400263533566,72.32696858138162
303,5.0491584735877355,-96.16152877417264,78.41127338219361,70.32808164395443
304,5.06582236293951,-94.75890781779398,75.75846098693319,68.37065740478508
305,5.082486252291285,-94.13101812436481,77.41471952552742,67.2854341433942
306,5.09915014164306,-89.25155031499754,78.56750742909352,62.16824865478949
307,5.115814030994835,-91.39403926025331,79.88667866846077,65.96119527576987
308,5.132477920346609,-100.49316729383655,81.48751483237882,73.77198928288732
309,5.149141809698384,-92.01631641503457,80.03608624424805,63.02812687815745
310,5.165805699050159,-88.04916272386649,79.35929568723716,60.1127518501365
311,5.182469588401934,-93.92813054738278,77.43586460993713,64.16544199203861
312,5.1991334777537075,-92.82333629647314,77.49123031168635,63.425929515456154
313,5.215797367105482,-93.91734254346605,76.37143766606775,64.11002316305685
314,5.232461256457257,-93.61439517104188,76.379135938415,64.25367829818036
315,5.249125145809032,-94.01631546876793,75.74068910027322,64.44604112076559
316,5.2657890351608065,-94.49512316531693,76.96166092251805,65.46526280010852
317,5.282452924512581,-96.61356993823077,77.12950924284726,65.93979073109634
318,5.299116813864356,-97.21509306472365,74.32873242973244,66.74691954666041
319,5.315780703216131,-95.46491081274627,76.08716748548046,64.12758311417505
320,5.332444592567906,-96.25254393233917,76.48809434117216,64.82149785254032
321,5.34910848191968,-95.99206934660725,75.08692046707628,64.81057780270679
322,5.365772371271455,-97.69089061729224,73.50286447415354,66.93880198669025
323,5.38243626062323,-97.35617400967313,75.2172450135726,64.77500186498607
324,5.399100149975005,-92.5346241437096,75.05313249352497,59.82670496389913
325,5.415764039326779,-95.39010958476521,69.64670250665014,60.27056519057242
326,5.432427928678554,-92.49548020565453,71.59792492596306,58.655746923587756
327,5.449091818030328,-97.369527282591,73.46775975719852,63.60030663332886
328,5.465755707382103,-96.05381943235665,72.4433350403875,62.35644655325081
329,5.482419596733878,-96.62338889733631,72.54925076017808,62.604055067605685
330,5.499083486085652,-98.26079438225965,73.43547027551277,63.946124607346306
331,5.515747375437427,-99.85588545527689,72.08263183966277,64.89312125737808
332,5.532411264789202,-100.6813503346982,72.16247409066477,65.75476550296464
333,5.549075154140977,-99.97868674114696,71.13908617192644,64.69488107791051
334,5.565739043492751,-99.53089278735467,71.05721614596327,65.43635616501358
335,5.582402932844526,-99.05036024914408,72.00725558110567,63.79436310259516
336,5.599066822196301,-99.37435547442351,71.91528859194594,62.87783257921456
337,5.615730711548076,-100.88410391291492,69.73752511913305,65.03456934987558
338,5.6323946008998504,-99.76374614407739,71.66982782996769,63.49598766519648
339,5.649058490251625,-101.00999852554087,69.42341452058338,64.58600453107174
340,5.6657223796034,-102.72034596329854,71.67493227885439,65.64088091183238
341,5.682386268955175,-101.19658824971741,68.97291961965315,64.89220465001739
342,5.699050158306949,-101.91806452365572,68.17287619896167,65.11646360836814
343,5.715714047658723,-101.4830894430737,70.50927213374027,65.29865632674301
344,5.732377937010498,-99.632078571893,70.4619169181013,63.31734119469958
345,5.749041826362273,-100.22854837666459,68.07993644097952,63.848586074423025
346,5.765705715714048,-101.83605927512356,71.0049373089727,66.7527673251499
347,5.782369605065822,-99.93452108585635,68.44261281754008,64.3203278462771
348,5.799033494417597,-101.27747186968146,70.02862614592561,64.5087789123496
349,5.815697383769372,-99.225724359491,71.28360930807703,63.25523450005669
350,5.832361273121147,-100.29087267069562,69.18375995920285,64.33410124257568
351,5.8490251624729215,-100.34587376712031,68.2858742549167,64.07474282884183
352,5.865689051824696,-100.50650095471161,70.790237396887,63.82965798910341
353,5.882352941176471,-101.5308282715723,70.15508507817356,65.4077971694524
354,5.899016830528246,-101.00367983100632,66.88369372994775,65.36836173856251
355,5.9156807198800205,-99.81723100512173,66.35582264615367,63.86026378301402
356,5.932344609231795,-101.49172628135068,67.89518980599755,65.37074769814045
357,5.949008498583569,-101.34856368280155,66.85404917309522,64.78309305271638
358,5.965672387935344,-99.09539658882166,69.37296520513543,63.058899252552436
359,5.982336277287119,-99.06383568924282,67.82088100584865,63.411875367606825
360,5.9990001666388935,-98.56963822030427,68.11114337111476,62.29740980936859
361,6.015664055990668,-97.84184323325674,67.80358140345041,61.351414109058496
362,6.032327945342443,-97.68662107993903,67.19049096441549,61.93020195251927
363,6.048991834694218,-99.0771357259234,68.04888132217953,62.37925079721736
364,6.0656557240459925,-97.024324120822,65.5783457226668,61.71142116589963
365,6.082319613397767,-97.87406023944631,68.55853292685327,62.020847921372805
366,6.098983502749542,-101.81898455580856,69.41669147297817,65.78823758834167
367,6.115647392101317,-95.28844348840134,66.70896080103786,58.5526689257485
368,6.132311281453092,-97.60566708915911,66.59685647171693,61.26033668583514
369,6.148975170804866,-96.47029622997876,70.78361646475832,60.18556043925451
370,6.165639060156641,-98.08085478652217,68.04466097874706,62.57064414500498
371,6.182302949508416,-98.50055321031141,69.62490588489655,61.85118796509896
372,6.19896683886019,-99.57768668509577,69.92011195905599,64.18604479085518
373,6.2156307282119645,-98.57571661348004,67.58739845319047,63.30878532506757
374,6.232294617563739,-94.68068473528935,68.96912232169366,58.646078252052554
375,6.248958506915514,-97.3974409187609,69.09339311670306,60.993731272941275
376,6.265622396267289,-98.75272387460727,69.45795670524755,62.7149108627268
377,6.2822862856190635,-98.89283986198832,68.9185161016516,63.371327298322214
378,6.298950174970838,-98.33850290732912,67.88280516957514,62.323873343410206
379,6.315614064322613,-97.009929192079,68.71993087829415,60.48335355777245
380,6.332277953674388,-100.12349937165747,68.95720172668841,64.20572132205939
381,6.348941843026163,-99.41834816164493,67.08688705035003,63.51978381942974
382,6.365605732377937,-100.21589746711874,69.33590714049186,63.88796220614641
383,6.382269621729712,-99.66102543600063,67.86994663614232,63.89402019769488
384,6.398933511081487,-97.24123139408907,69.01610641436353,61.52967222937857
385,6.415597400433262,-99.81532418255611,67.62515579165564,64.42514346588673
386,6.432261289785036,-99.07671497763492,68.16349092666697,62.855591013556825
387,6.448925179136811,-98.51453390342047,69.3285728061956,62.99032193535033
388,6.465589068488585,-98.80598115424628,69.24657446583547,62.30836748465881
389,6.48225295784036,-97.50650794348628,66.7639189508969,62.06048804116576
390,6.498916847192135,-98.25116263692169,65.99442151236575,61.72996076461518
391,6.515580736543909,-100.0307578189729,67.07376826771663,64.81966050883463
392,6.532244625895684,-96.86304751927788,67.76936355470605,61.559503313734666
393,6.548908515247459,-100.58872037111932,68.97499461041953,65.22989819570867
394,6.565572404599234,-99.16770778595996,69.4742259379792,64.99550725043703
395,6.582236293951008,-96.48885051538775,69.02150477044694,62.8682895120333
396,6.598900183302783,-98.63045087672594,69.9809764116532,64.75646099322921
397,6.615564072654558,-98.61557994532761,67.60198506222896,65.17811702305505
398,6.632227962006333,-97.42266804611249,68.8690486469035,65.13885382976865
399,6.6488918513581075,-96.74417842381972,67.76081690247895,63.46730912775722
400,6.665555740709882,-94.85730935290876,68.48294958399781,61.630738482470775
401,6.682219630061657,-89.03999511577751,69.86936429386104,57.147076676237944
402,6.698883519413432,-95.65189438095823,69.13063384513443,60.77578803663202
403,6.715547408765206,-91.4184670627671,69.36745961844517,59.777416785447954
404,6.73221129811698,-95.81450164642952,68.12408160708875,63.78266721539996
405,6.748875187468755,-92.76745450942221,65.46996861494256,62.73862579815812
406,6.76553907682053,-94.1231498344645,64.04289694494476,62.05319626726815
407,6.782202966172305,-97.48211728056624,66.6119762949554,65.03512512359003
408,6.798866855524079,-95.16231951189249,70.57040839203344,64.9396357078776
409,6.815530744875854,-94.34329674253719,67.32797386658487,63.55708225929388
410,6.832194634227629,-94.77956597729516,70.04876345871611,63.132431663480716
411,6.848858523579404,-94.29373530275365,68.03280794798718,61.50977910930405
412,6.8655224129311785,-94.16034201218021,70.09651868211925,62.97987446013733
413,6.882186302282953,-90.59583737988831,72.28558919022305,59.995722825732315
414,6.898850191634728,-94.3374970187001,70.630370907963,61.36644725027578
415,6.915514080986503,-94.77480962386812,73.31957415300194,65.4033444967652
416,6.9321779703382775,-93.9371961618121,69.26117087178828,63.15900148703754
417,6.948841859690052,-86.28523342363503,74.84489562065616,56.42402249844334
418,6.965505749041826,-96.97191875312524,73.26656752344987,65.76632863130763
419,6.982169638393601,-92.41660687886953,69.22414944774307,60.436536555146816
420,6.998833527745376,-91.87260024993356,72.5099140768064,61.86496678215682
421,7.0154974170971505,-93.9423916266545,74.20012396463969,63.222927829349196
422,7.032161306448925,-94.7782408525368,73.52727148812654,64.46787522735852
423,7.0488251958007,-93.90989106320706,71.42711489869093,62.90110759891539
424,7.065489085152475,-93.46428581196636,72.66020403328024,64.03628275928101
425,7.0821529745042495,-91.95696321114256,72.43336360874504,62.12072555279704
426,7.098816863856024,-94.71685003497286,73.26216754746257,65.03996508540583
427,7.115480753207799,-93.83586778828239,75.66276839334648,65.40818662109201
428,7.132144642559574,-92.97298576698658,74.36949454369706,61.89278919169969
429,7.148808531911349,-96.87621720429793,75.59555265381387,67.22746737686063
430,7.165472421263123,-94.50714130450159,73.48239592598492,65.57514807930049
431,7.182136310614898,-93.66843440799407,73.18933387376273,64.51615329232257
432,7.198800199966673,-94.34404240333161,75.07666615721688,66.23527857855906
433,7.215464089318447,-91.70772645730975,74.88084741398032,62.876268512326426
434,7.2321279786702215,-92.30661789420799,76.39637466960596,63.60358968069114
435,7.248791868021996,-89.64883549410193,76.60560050603763,62.24231447981568
436,7.265455757373771,-90.19928829582697,75.94685158936761,60.042032590542206
437,7.282119646725546,-89.2719660300349,74.97394595674642,60.563575494421876
438,7.2987835360773206,-87.79213811139499,76.04510312727999,59.859997867352405
439,7.315447425429095,-90.3990552940705,74.73569438094759,61.37885711821209
440,7.33211131478087,-85.45482687915538,77.54436790471338,56.93837791627514
441,7.348775204132645,-90.56347512203132,75.63596904222207,61.81153872662121
442,7.36543909348442,-92.53501361995474,76.14439392886909,64.24533058623783
443,7.382102982836194,-92.55903379168264,76.67534769534836,65.51491876252987
444,7.398766872187969,-90.93562726856467,78.3312875205112,63.52480086740431
445,7.415430761539744,-90.37075634559403,78.68627543795986,63.01500293313211
446,7.432094650891519,-93.29767885518774,73.55324554126626,67.56417039533609
447,7.448758540243293,-90.93590872668439,78.05207275598255,64.70106123040921
448,7.465422429595067,-94.2097200999196,78.58055743288227,68.9234975850678
449,7.482086318946842,-91.11709964853587,73.3855678056224,65.26074853565683
450,7.498750208298617,-94.3466579135969,75.94879258002422,67.6478555642686
451,7.515414097650392,-94.04084534767532,77.82904877265352,68.71369914380263
452,7.532077987002166,-94.42769696195182,75.70197407688599,71.02583523899816
453,7.548741876353941,-92.5967541334435,73.37051327176705,68.2004169070312
454,7.565405765705716,-98.56575540832964,73.97529959073933,74.81346105529737
455,7.582069655057491,-90.42851855156553,76.30739281877256,67.76372305485248
456,7.598733544409265,-93.19071357178603,75.04755915637367,69.60028838550936
457,7.61539743376104,-97.51831415339875,73.66100256542325,76.06678677476216
458,7.632061323112815,-95.45338703679872,77.72148972570267,74.01623008253154
459,7.64872521246459,-93.85482840250512,76.54062374539983,71.71242862575872
460,7.6653891018163645,-95.33708974042797,77.43900484636933,73.40212410239629
461,7.682052991168139,-95.19963003337278,77.37753381423757,73.71182017731323
462,7.698716880519914,-93.8711767828389,78.25175485800007,72.86229275729319
463,7.715380769871689,-96.3772368086567,76.3482815853173,75.1389687855646
464,7.732044659223463,-94.6168120431601,77.46006438888507,74.24220986813856
465,7.748708548575237,-95.84251667601616,78.03667504659306,74.74588482120694
466,7.765372437927012,-99.69254034171072,79.81373432295071,78.84003239082436
467,7.782036327278787,-94.32900885997904,77.18916261921458,73.39918915877698
468,7.798700216630562,-93.48548795975894,75.74031475058885,72.21220819912129
469,7.815364105982336,-91.59625537083743,76.75013307124712,70.52842456769147
470,7.832027995334111,-94.84640445950056,77.40419140105698,74.39458012430805
471,7.848691884685886,-93.52459532845577,77.1991776624625,72.73953070860847
472,7.865355774037661,-97.88210591310977,77.82708892252501,77.44035829458548
473,7.8820196633894355,-94.25925779977482,77.24499068394017,73.73590954696525
474,7.89868355274121,-96.9804527107307,80.35355472740387,76.8037750166827
475,7.915347442092985,-93.70260164565263,75.58141940296039,73.28757019747297
476,7.93201133144476,-94.319093350245,77.81711631806354,73.95983516971754
477,7.9486752207965345,-95.98994217854558,78.21243770298466,75.81054523762634
478,7.965339110148309,-95.66135299826891,77.480402565591,75.17417861949619
479,7.982002999500083,-96.89005033549027,77.70760672455873,77.76319255107806
480,7.998666888851858,-93.70882926941896,75.83311527589926,74.13777453448101
481,8.015330778203634,-93.40536653222944,78.41919816278114,74.60986756022582
482,8.031994667555407,-94.50014524792738,77.9070635429435,75.64300107429727
483,8.048658556907183,-91.90719754512035,77.49514128408353,73.4408132929244
484,8.065322446258957,-93.90784934975103,75.55680778594191,75.72112779614892
485,8.081986335610733,-91.02604678200873,76.02377811974465,73.83444179210906
486,8.098650224962507,-92.475168461081,77.15513818155988,75.31699152631896
487,8.11531411431428,-91.33393725906745,77.38625713209687,74.07600015333783
488,8.131978003666056,-92.92713528966628,78.04555849180616,75.37202768579169
489,8.14864189301783,-93.70857469501073,75.94904577208804,77.58133077651891
490,8.165305782369606,-98.43889346319078,77.41710208887321,82.42360240905448
491,8.18196967172138,-93.74992890304338,77.72929667164327,77.73165232085431
492,8.198633561073155,-90.31744805055854,77.49050502167657,74.8227425118165
493,8.215297450424929,-90.8750352821692,75.87587641476756,75.56347081630435
494,8.231961339776705,-97.53955489936216,78.69245689967227,82.65452838082103
495,8.248625229128479,-91.85631190192522,78.13777672871412,76.47238117411712
496,8.265289118480254,-91.52841162259882,75.20739729820079,76.36359636751394
497,8.281953007832028,-93.47919737479866,74.38985106184336,79.27674350679116
498,8.298616897183804,-93.93614524924757,76.76244624330064,80.37268754266636
499,8.315280786535578,-92.66216604587834,75.71495071168296,79.06592436284105
500,8.331944675887353,-92.7577803026798,76.6386780910674,79.43337094841277
501,8.348608565239127,-92.56781892803316,76.33684087203741,79.05374744747492
502,8.365272454590901,-93.5401836234686,76.60649981578433,79.5850795453604
503,8.381936343942677,-96.27978680203053,74.94200931249567,83.20357575669887
504,8.39860023329445,-92.26387723104872,76.3098600821455,78.50941667670399
505,8.415264122646226,-94.16669810869628,73.77414791207363,81.01826156567549
506,8.431928011998,-91.40026374946028,77.23101502817785,80.12700392963731
507,8.448591901349776,-97.43906228288826,75.16330836541985,84.55979831932615
508,8.46525579070155,-97.6629755034568,76.54015423564093,84.79840941905212
509,8.481919680053325,-92.09956636907518,76.42372779669842,78.61829320872422
510,8.498583569405099,-96.27684275069191,75.4432302903664,83.07232716103962
511,8.515247458756875,-94.39595342106995,75.53787000798694,81.77727087999232
512,8.531911348108649,-95.96095259454667,76.63462948655226,84.10266255664779
513,8.548575237460424,-94.41427895427813,74.57521424981053,82.38552228022397
514,8.565239126812198,-94.08158284596679,74.69447266893982,81.4245287569027
515,8.581903016163974,-93.40988535200538,75.99338111819321,83.02005887332177
516,8.598566905515748,-95.86152836105678,76.83653283263214,83.57828503895459
517,8.615230794867522,-93.90950099688487,75.06400700879524,83.82127779391514
518,8.631894684219297,-92.74922449521134,76.29363608109514,81.68361872864298
519,8.648558573571071,-96.71541050149045,76.94514091527967,85.41942149661737
520,8.665222462922847,-93.60071566962962,76.92731268607216,82.43007047827057
521,8.68188635227462,-93.80156538073877,77.8768292196673,83.24680097225367
522,8.698550241626396,-96.70296831996244,77.59833379873528,87.2948383656093
523,8.71521413097817,-96.3055870525687,77.17044742709243,85.80633975103113
524,8.731878020329946,-95.7236726282488,76.11971593172838,85.44824219993261
525,8.74854190968172,-97.47206335187643,76.46668328032426,87.74211452190436
526,8.765205799033495,-97.81123657491113,77.32265668029414,88.48963265637558
527,8.78186968838527,-97.77378673978691,77.18311110271407,87.73963090444244
528,8.798533577737045,-97.58431575361878,76.46230584969184,88.84715639257485
529,8.815197467088819,-94.99107209310687,76.73905188423421,86.12035452835462
530,8.831861356440594,-96.6097997315627,76.5481380890645,88.10366261601455
531,8.848525245792368,-99.79170412179,76.57645662558939,91.17080420097084
532,8.865189135144142,-98.4892481107803,76.17761764728775,90.03232525210751
533,8.881853024495918,-96.80148223293183,75.65667395381122,87.92506788526926
534,8.898516913847692,-97.17092665316967,76.95669670869925,89.52886795840632
535,8.915180803199467,-100.21152394077251,76.82215914705496,93.2216809130183
536,8.931844692551241,-95.48951401903948,75.91498937964788,88.4763611323873
537,8.948508581903017,-98.31004629587142,78.63902340595098,91.53970049451075
538,8.96517247125479,-99.2725765731429,76.80673843253244,91.89120883931234
539,8.981836360606566,-102.19966892220654,78.29983822985272,95.9180404981846
540,8.99850024995834,-97.29352907650471,78.392978375904,91.27397517393399
541,9.015164139310116,-100.19894834537654,77.46187335934992,93.94365685679644
542,9.03182802866189,-98.4741638100747,78.45333926179812,91.81599843548052
543,9.048491918013665,-98.94837225265059,77.81208450095352,91.54242110112634
544,9.06515580736544,-100.53058410294456,78.72582472304381,94.38313810812429
545,9.081819696717215,-96.11502103213205,76.46593901909523,88.6014859505587
546,9.098483586068989,-94.78607633456697,76.46682921860864,88.11646757145263
547,9.115147475420763,-97.77875786438602,77.42925693461727,91.35130915848498
548,9.131811364772538,-97.3110806316889,77.25281991840238,91.44181920848824
549,9.148475254124312,-96.50050516447008,76.56040177378527,90.25084529000861
550,9.165139143476088,-97.6219099258929,77.6267662031224,92.19307874952132
551,9.181803032827862,-101.40792750276772,78.67564415721304,96.23975863601757
552,9.198466922179637,-99.82899336048477,76.85620734750901,93.96966558315165
553,9.215130811531411,-102.80378670449257,79.7267588768169,97.66866254011188
554,9.231794700883187,-102.26942225656342,79.97182947547216,97.34511081550212
555,9.24845859023496,-103.16562377928295,78.95145394526664,98.17417829187396
556,9.265122479586736,-101.84962145537364,79.14924390863831,97.07207546586814
557,9.28178636893851,-100.38370490906387,79.33965342153589,96.06736256250359
558,9.298450258290286,-103.77854094989915,78.21680174676695,99.11894095393893
559,9.31511414764206,-100.05635077845821,79.56813297856061,95.7504468816015
560,9.331778036993835,-99.43664771132403,77.10800127718089,95.40803182166279
561,9.34844192634561,-97.95714814890295,77.41081746921132,93.78772170436994
562,9.365105815697383,-97.59486882391816,76.61517161378916,93.1429173118023
563,9.381769705049159,-100.52276623526757,77.2178879088567,97.0797602674121
564,9.398433594400933,-96.14881900600874,77.03138641684728,92.14328338905403
565,9.415097483752708,-96.19746529015013,78.16155781199782,92.21668591022853
566,9.431761373104482,-94.94930919200411,78.3750846174208,92.0664435402149
567,9.448425262456258,-93.4859695508381,77.87871567198039,90.15026427087771
568,9.465089151808032,-97.925531321513,76.78041443218964,95.28328877060753
569,9.481753041159807,-100.23549447612496,78.65944648452745,97.61570239715984
570,9.498416930511581,-98.13836288407276,76.88423079228713,94.42925939999861
571,9.515080819863357,-94.08824283529151,77.5117447770736,91.23974407638428
572,9.53174470921513,-97.03895474816012,77.69508514810072,94.10370724636687
573,9.548408598566906,-95.26357331187273,78.44535728529968,92.90664036152381
574,9.56507248791868,-94.8964377196487,79.45422374194067,91.98969759818563
575,9.581736377270456,-93.78882795296305,78.95999312972525,91.27820932224031
576,9.59840026662223,-94.88781313194463,79.03053485153241,92.87226713761561
577,9.615064155974004,-97.55147433536474,79.74293327811094,94.79972890408864
578,9.63172804532578,-93.18289084050353,79.58597173682915,91.06940911717116
579,9.648391934677553,-94.91231172733627,79.23125784764808,93.40167914238533
580,9.665055824029329,-91.92192675814357,78.78531896771756,90.76000660238698
581,9.681719713381103,-95.80296007587229,78.9528974830106,94.60836831563816
582,9.698383602732878,-89.88743004028606,79.78898828873298,88.91369659633928
583,9.715047492084652,-94.05532978342681,78.45606939143033,92.74931003551241
584,9.731711381436428,-100.311376851783,79.54232493540394,99.8177658540099
585,9.748375270788202,-95.52855497276055,79.91064804422282,94.98873195859893
586,9.765039160139978,-94.60996748097708,78.14788209905576,92.9891107144088
587,9.781703049491751,-98.1425355412992,79.73164303523498,98.07834764682383
588,9.798366938843527,-97.22891850922635,77.90910137729877,96.77715422113549
589,9.815030828195301,-92.44752742804883,79.37441672312639,92.46864251419373
590,9.831694717547077,-98.03002842866789,80.5748944520924,98.42807275013546
591,9.84835860689885,-94.81186533051411,80.57777280730907,94.0676774488296
592,9.865022496250626,-93.68744920118995,78.02049059922201,93.52100846342773
593,9.8816863856024,-91.72210941401254,78.5408153762286,92.1376175313884
594,9.898350274954174,-91.05117432561603,79.07453879293459,91.60382696228218
595,9.91501416430595,-95.62721995356563,77.58555536372309,96.07428716883079
596,9.931678053657723,-94.57157526814213,78.04402526235745,94.8037916790465
597,9.948341943009499,-93.22551302895866,76.47319363008917,93.42306388346125
598,9.965005832361273,-95.61611465113069,77.7215700191928,96.31814354302765
599,9.981669721713049,-94.45093257506898,76.79160442995756,95.25952105479777
600,9.998333611064822,-97.75560690277035,77.93230764461102,99.09212847614792
601,10.014997500416598,-93.48988235143338,77.4014511225506,95.66684769746622
602,10.031661389768372,-92.57429248457228,77.15605991741803,94.0407714079423
603,10.048325279120148,-94.13344530310414,77.72018904318419,95.79538123362586
604,10.064989168471921,-93.44147602918916,77.05866936553764,95.94303114334292
605,10.081653057823697,-95.024296961546,77.13141050518252,96.31679858571329
606,10.098316947175471,-96.2422667031082,78.13151499405285,98.03011059733528
607,10.114980836527247,-92.94681496922969,76.85834011491275,95.21789661112194
608,10.13164472587902,-95.57404068401667,77.88536935134647,98.6055881644161
609,10.148308615230794,-94.29457756562101,77.58512646185763,97.28180449495106
610,10.16497250458257,-92.04715647429808,78.10005629350516,94.54066730065658
611,10.181636393934344,-91.86984619872715,77.92076429886636,95.25606243396014
612,10.19830028328612,-91.40069285375006,77.29753406678319,95.12483596619795
613,10.214964172637893,-91.65473496102638,78.45226444796266,95.83803478433418
614,10.23162806198967,-90.41964327751512,79.60683135694107,95.07966365804883
615,10.248291951341443,-90.48574186017485,78.10792570848538,94.57632730443986
616,10.264955840693219,-90.05774591894505,79.19357963705978,94.19359397646564
617,10.281619730044993,-92.37786046400856,78.8839050595301,97.99850638951558
618,10.298283619396768,-90.09850277412538,78.65989804132465,95.29893573352516
619,10.314947508748542,-90.35680644041486,79.287423591682,95.65434047238584
620,10.331611398100318,-82.07918643778068,80.50036056405914,87.13069565749105
621,10.348275287452092,-87.59034930663081,79.06560518298112,93.94627246017787
622,10.364939176803867,-92.62028081797493,78.19541476670098,98.29692179432487
623,10.381603066155641,-88.68091168762433,79.00207119995153,94.89764402896678
624,10.398266955507415,-86.90311241524569,78.77659518707618,92.84158489152058
625,10.41493084485919,-86.25497495907655,80.05157216055,92.34509097453098
626,10.431594734210965,-89.2480541325625,79.12876352004152,95.32399259576894
627,10.44825862356274,-86.04069788573341,80.96893047725429,93.36852122660402
628,10.464922512914514,-85.84744509021684,79.36260680160099,93.02877061275443
629,10.48158640226629,-82.37967123081566,81.35336740856823,89.97289970429553
630,10.498250291618064,-88.58921323363239,80.69215223721193,96.18675209783927
631,10.51491418096984,-82.46978728291164,80.56268156176009,90.61144482658595
632,10.531578070321613,-83.66561107769418,79.58372371194514,91.30824704956719
633,10.548241959673389,-83.92181987950961,79.78972036606788,90.8437994108263
634,10.564905849025163,-70.70821833537349,82.73777010797893,79.34668488498917
635,10.581569738376938,-86.83150377418299,81.45261010978413,94.51043128495331
636,10.598233627728712,-78.39885993643128,81.02946201698212,86.84398534869725
637,10.614897517080488,-86.48421183309684,78.95263014715208,94.41212669497195
638,10.631561406432262,-77.82147088990762,81.46622358573494,87.02060404286831
639,10.648225295784036,-83.30763480459248,81.01364075053576,92.53808442887765
640,10.664889185135811,-77.03491622161569,80.86483383298096,86.340776467621
641,10.681553074487585,-70.16192252732799,80.60304797468217,78.84703845377783
642,10.69821696383936,-78.32346818040723,81.7712546684301,87.37674129989188
643,10.714880853191135,-80.37274914440827,79.929653261943,89.54036858635108
644,10.73154474254291,-79.27076849254881,81.34315128662443,88.30659376416746
645,10.748208631894684,-71.85970304103344,81.18942494045186,81.26976677418801
646,10.76487252124646,-82.39509358221085,79.32817658953425,91.6628703140575
647,10.781536410598234,-82.77064357513788,82.53591478629669,92.31344666582068
648,10.79820029995001,-78.43706669455437,81.133924339362,88.41944841537757
649,10.814864189301783,-75.80066909192436,81.0425469414925,85.78540833076181
650,10.831528078653559,-75.68682251773573,82.5000106917273,85.88822644445364
651,10.848191968005333,-83.65928249238756,81.01913020149674,93.86607770949631
652,10.864855857357108,-84.79384880783354,80.69044209002969,94.94792126940821
653,10.881519746708882,-81.95221538416907,81.0061664487801,92.65987773956792
654,10.898183636060656,-85.11391313851246,80.17921216599194,95.33989665591429
655,10.914847525412432,-83.37127565674993,82.30744124471218,93.75905773076431
656,10.931511414764206,-84.64868915795647,81.21241996659624,95.14055126846326
657,10.948175304115981,-85.02259973198197,81.33081708195657,96.6831687072316
658,10.964839193467755,-84.28995070199457,81.64680050975099,94.922122528759
659,10.98150308281953,-86.86596476602986,80.94824193403828,98.08941762393653
660,10.998166972171305,-77.51252845472821,83.04610318380615,89.30147106031512
661,11.01483086152308,-86.47042143573238,81.1538887445775,97.08471928295121
662,11.031494750874854,-82.34959287618537,79.96655520353478,93.9086744550033
663,11.04815864022663,-74.26209473476439,82.8207207694439,86.96716900110079
664,11.064822529578404,-82.82180660640269,82.45615632791612,95.36881668217731
665,11.08148641893018,-77.22137762780562,82.33100001113758,90.10882137343407
666,11.098150308281953,-82.3048863480612,81.95799450070031,95.03313880306249
667,11.114814197633729,-85.5849619266093,81.12568539931941,98.09361362232077
668,11.131478086985503,-80.77600338024436,82.60715490628017,93.2423068817017
669,11.148141976337277,-83.37641711381715,81.14738431806472,95.37307353835877
670,11.164805865689052,-83.00991395461492,83.20395808016552,96.1363678660969
671,11.181469755040826,-86.45839877523915,82.15592333726909,98.85539974667778
672,11.198133644392602,-83.61432553334319,82.35083279681947,96.91397044056201
673,11.214797533744376,-82.97871925263296,82.91952607282875,96.37430753638834
674,11.231461423096151,-82.0150855746236,81.00579507987514,94.66266532868869
675,11.248125312447925,-78.31146565791089,83.94495013496467,92.18247489052922
676,11.264789201799701,-83.68323325856952,79.49737733676035,95.98972635481941
677,11.281453091151475,-82.58626544240784,81.94350725094863,95.84516585120184
678,11.29811698050325,-82.52659750441379,82.31126912868251,95.85236030600225
679,11.314780869855024,-80.85429060115668,82.7065255720095,94.61630745456695
680,11.3314447592068,-83.7985863651571,81.75768895447291,96.83194115441421
681,11.348108648558574,-85.6378710268423,82.56367496664427,99.14618778871188
682,11.36477253791035,-84.86641670329409,80.61734465891384,98.37563152564617
683,11.381436427262123,-79.15962107933528,80.91781596555144,92.59552938265277
684,11.398100316613897,-78.22075226476508,81.3050937570842,91.23580710633534
685,11.414764205965673,-80.94114245053228,81.6224581313601,94.67600420748755
686,11.431428095317447,-84.2778788735498,82.29487358174782,98.46637288530492
687,11.448091984669222,-85.05426240827371,81.75006946300269,98.35852681262601
688,11.464755874020996,-79.86849332764159,80.29876341457842,93.69653997753414
689,11.481419763372772,-88.44915148817879,81.1274565738186,102.8116343104359
690,11.498083652724546,-88.44524061610268,81.60038310140396,103.04772462287049
691,11.514747542076321,-81.82346343676296,81.21651173914736,96.15266143932341
692,11.531411431428095,-81.34082318777249,80.2862063312547,95.21456958874914
693,11.548075320779871,-77.55035559166623,81.71380602234883,91.68755422544601
694,11.564739210131645,-85.20355831568645,80.23394318776991,99.41814987761265
695,11.58140309948342,-84.1995176456413,82.10996458358476,98.22325544978595
696,11.598066988835194,-85.86788153012543,80.15637332454813,99.76523620942696
697,11.61473087818697,-85.01593133073884,80.81061481722462,98.97327234510344
698,11.631394767538744,-81.8694851415512,83.15214987920828,96.81226338357203
699,11.648058656890518,-86.7125667170027,83.17084997026588,100.98307815571467
700,11.664722546242293,-84.69325343116249,81.30502598540394,98.46931123657994
701,11.681386435594067,-80.93065679029418,81.44796989294214,95.40372007696641
702,11.698050324945843,-82.94364484665823,81.98214873569535,97.27886093943091
703,11.714714214297617,-84.04487562393642,81.31506190264336,98.63230647035121
704,11.731378103649392,-78.23634601634171,82.09371084119431,92.90102640976839
705,11.748041993001166,-73.68152865111666,82.09336326472483,87.95927447191588
706,11.764705882352942,-82.47339030984135,81.50518240706606,96.85288974504255
707,11.781369771704716,-79.67112371144765,82.7593335942805,94.44910890125307
708,11.798033661056492,-86.09433381892701,80.52258922560961,100.51323917198845
709,11.814697550408265,-84.33638630932552,81.4147344734881,99.18901412891694
710,11.831361439760041,-85.8465410884351,81.63428016579839,101.17169944067545
711,11.848025329111815,-86.83216047081724,81.1412616148925,102.3139700363891
712,11.86468921846359,-78.85987511795179,80.9450949564829,93.48292189400046
713,11.881353107815364,-81.79199611913603,82.46318305546349,96.05109266366588
714,11.898016997167138,-79.00969949170873,82.62205942427175,93.83594926915984
715,11.914680886518914,-86.55270966598876,81.53909539551411,101.76356085885446
716,11.931344775870688,-85.9100799923768,81.19970951940113,101.16127585375682
717,11.948008665222464,-84.64087589117531,81.32001629143072,99.79903661831563
718,11.964672554574237,-87.06967984832548,82.77674999027165,102.45499370947051
719,11.981336443926013,-86.59560553037232,81.0280822998791,101.17692094272172
720,11.998000333277787,-86.14377625780052,81.15655404342775,102.03272794981288
721,12.014664222629563,-85.65565085484398,81.48511577578097,101.19766571007288
722,12.031328111981336,-86.62080900326445,81.0403099837553,101.97692410385785
723,12.047992001333112,-84.58177627896342,81.87268763803026,100.24801458059008
724,12.064655890684886,-80.29808800808995,80.59359846705833,96.69836599687045
725,12.081319780036662,-80.35177165126709,83.48322909991552,96.36529940733708
726,12.097983669388436,-80.9860485237125,82.09137740465138,96.73284555262575
727,12.114647558740211,-88.44501364136438,80.64442725425967,105.03943630728149
728,12.131311448091985,-83.74375824752512,81.99486604999005,100.00762000636877
729,12.147975337443759,-84.24699647811026,80.79501713604452,100.18788118402479
730,12.164639226795535,-80.38546060252506,82.29230138170749,97.2761672457323
731,12.181303116147308,-79.26659361725186,81.74878436287585,94.93049729449619
732,12.197967005499084,-84.66267728689188,80.20997363673733,100.77508689930939
733,12.214630894850858,-79.76182590345387,81.02260930517366,95.57989849000566
734,12.231294784202634,-84.17715055990368,82.26639774344855,100.43541781450348
735,12.247958673554407,-85.78011027852918,81.6929081312674,101.90708682261068
736,12.264622562906183,-83.85801072461943,81.042261808228,99.47273053981965
737,12.281286452257957,-86.55530951855467,80.93002620043087,102.98114293276464
738,12.297950341609733,-83.75944673654332,80.98157970037407,100.12538500165076
739,12.314614230961507,-83.18174417629508,81.80501495658879,99.35463591625498
740,12.331278120313282,-77.38388863245221,79.96122489945307,93.37322953516295
741,12.347942009665056,-83.03302754802658,81.51735150027719,99.20551266082597
742,12.364605899016832,-75.21630329769089,80.28369684333137,91.2386705211987
743,12.381269788368606,-82.33140114629917,81.70123262375358,98.53542926093714
744,12.39793367772038,-85.91109515586164,81.24727174756784,101.9699590984084
745,12.414597567072155,-81.67573002133477,78.99047719089077,97.18188943476302
746,12.431261456423929,-83.93479698811036,80.48423409234334,100.34807233486751
747,12.447925345775705,-85.50654268773374,80.14433507700268,101.23845635352663
748,12.464589235127479,-82.62134408868548,80.99056021821399,98.80956476146417
749,12.481253124479254,-82.65526729817263,80.26013088311848,98.55964166952066
750,12.497917013831028,-84.27072231579417,79.51956446126043,100.52279449237497
751,12.514580903182804,-87.21290157711077,80.78208880039267,103.26579907921275
752,12.531244792534578,-81.83409546735501,81.10786034087695,97.82372391980851
753,12.547908681886353,-81.2460443473145,80.863629323756,97.4658181687588
754,12.564572571238127,-85.27117346866342,80.99834906584749,101.66273436456471
755,12.581236460589903,-83.43868475526315,80.79298922724007,99.59895033439696
756,12.597900349941677,-85.45835996541051,80.63176786430097,101.08635766691313
757,12.614564239293452,-86.64049923197061,80.15465553581765,102.71764264397302
758,12.631228128645226,-87.25123389803068,82.3306929274218,103.37775180283182
759,12.647892017997002,-82.73737789792305,83.20944358044058,98.48873619621148
760,12.664555907348776,-86.89777338308065,80.25948492902185,102.46426618612797
761,12.68121979670055,-79.71782099411081,81.1525785980674,95.69555906684882
762,12.697883686052325,-80.19900490161399,82.9826145202314,95.79740475385624
763,12.714547575404099,-84.74590554308612,81.10887669806114,98.46721018911347
764,12.731211464755875,-85.97483389841032,81.76374190921197,99.89648871650094
765,12.747875354107649,-85.61120320810049,82.56428188801866,99.43924299092554
766,12.764539243459424,-88.58985747673412,82.31075863471324,102.89762525074667
767,12.781203132811198,-88.5342963335891,82.18570696704273,102.66960046899362
768,12.797867022162974,-87.72977026193098,81.24085550850735,101.89558013077642
769,12.814530911514748,-79.48435838873549,81.0619791496163,93.58986129059525
770,12.831194800866523,-82.87600600522445,81.78462753144927,96.83424181270343
771,12.847858690218297,-84.26157765243886,81.78393447745304,98.24815820114374
772,12.864522579570073,-89.94522049801128,81.90696518353698,97.47348014068399
773,12.881186468921847,-90.18002147051752,82.914983789063,99.4738748318763
774,12.897850358273622,-81.53780964260503,82.6989703525864,90.12153334416016
775,12.914514247625396,-80.64060316709791,81.58975241592108,90.1916185000071
776,12.93117813697717,-93.59706129217929,82.00225080660243,99.04018991911526
777,12.947842026328946,-93.44807619638537,80.25591276144397,99.29857498746848
778,12.96450591568072,-81.02393336123806,81.67628394698745,85.46497101102044
779,12.981169805032495,-86.5279458272923,79.39211887150836,90.66423485353869
780,12.99783369438427,-89.42612466223531,79.66737508382043,93.55987059343767
781,13.014497583736045,-82.18767659989463,79.99138195602985,86.25789180041305
782,13.031161473087819,-96.51498713256397,80.93210616201549,100.42726686574527
783,13.047825362439594,-93.12746610313066,80.06272731355143,96.76662486279267
784,13.064489251791368,-93.84819322572504,80.01575766755698,96.96075038914918
785,13.081153141143144,-92.14477965389229,80.84641774022064,95.98203715047049
786,13.097817030494918,-99.78672951732864,81.44411260530565,98.51622157727333
787,13.114480919846693,-98.80451934148287,82.48255327863664,98.16472198674896
788,13.131144809198467,-96.37179113745066,82.84727618181601,96.45837343960675
789,13.147808698550243,-102.3908215611951,83.69621535190115,101.54938478277022
790,13.164472587902017,-95.24373724856794,80.20370931771768,91.91887522715561
791,13.18113647725379,-96.8630655788393,82.84464364598483,94.53774787463524
792,13.197800366605566,-97.21870076854235,79.71072434479755,92.80794929022755
793,13.21446425595734,-96.58300429754945,81.13656151811841,93.45362198023084
794,13.231128145309116,-96.84963128905143,82.40996798739846,93.98245391842346
795,13.24779203466089,-95.24476847057164,82.05981909089887,91.51518282131542
796,13.264455924012665,-96.96410041894195,81.61512460289862,93.36694885444008
797,13.28111981336444,-93.74177878580835,82.44666756466314,90.66673734500674
798,13.297783702716215,-93.38504026794155,80.78611897532718,89.55731909649269
799,13.314447592067989,-93.49695474399613,81.95694489004086,89.58201114764702
800,13.331111481419764,-93.4344015873639,82.90731833331076,90.04798205871376
801,13.347775370771538,-93.83119858957512,78.552200604422,81.40773460340372
802,13.364439260123314,-95.98573492978191,79.51213232716725,84.72116774761773
803,13.381103149475088,-92.39742578561523,79.17458002017861,80.83398131790571
804,13.397767038826863,-91.00734165882184,77.3421230351286,79.75932000467888
805,13.414430928178637,-91.17042427444338,80.50949023773931,75.32493694275945
806,13.431094817530411,-91.56511054796643,79.10075085895676,76.78871580550397
807,13.447758706882187,-94.73938365671927,79.596746248772,79.14401136903301
808,13.46442259623396,-88.37085469938759,79.08277635389193,73.43334722883405
809,13.481086485585736,-88.17507002644439,79.22146542752085,73.27603551116688
810,13.49775037493751,-89.16547872986295,77.74490916565097,74.1052562246029
811,13.514414264289286,-94.03445182830012,78.45835636516733,78.91037419531972
812,13.53107815364106,-93.52559644028743,79.87451106813344,77.73500173494365
813,13.547742042992835,-89.03997029967068,79.17781708779518,73.32555054367859
814,13.56440593234461,-87.54899002780527,77.75817345785738,72.0490242373436
815,13.581069821696385,-89.12293975574444,79.62906032443414,74.15932872975806
816,13.597733711048159,-97.30281104855389,78.19945531331557,74.8261565119733
817,13.614397600399935,-96.53757902846138,75.58078852554212,72.84308918423189
818,13.631061489751708,-98.97103020708937,77.40704191302872,77.39044384906731
819,13.647725379103484,-96.89872456281954,75.37118662582391,74.04475563693691
820,13.664389268455258,-93.35134623970698,75.47602613069746,70.19276164218431
821,13.681053157807032,-96.069072224734,74.37688585172842,72.30634517877598
822,13.697717047158807,-97.50755603547144,74.85742808412164,73.74546348045577
823,13.714380936510581,-94.1550275694412,75.65586063443222,70.98660480709776
824,13.731044825862357,-94.27488570562797,74.93881534396016,71.02102055158834
825,13.74770871521413,-97.25147928197751,74.45389232348735,74.16260021928102
826,13.764372604565906,-99.3282914626623,74.89571547340783,76.68526254394436
827,13.78103649391768,-96.79164820520639,77.61569444445419,74.36874823405184
828,13.797700383269456,-92.16929843158297,75.19635300599158,68.49128174682228
829,13.81436427262123,-95.92365809327484,76.85799464359418,73.47978832566206
830,13.831028161973006,-97.36203762029088,75.95928973396714,74.6423235147829
831,13.84769205132478,-95.51654470354786,76.60735495216527,77.77236100543637
832,13.864355940676555,-94.71572231455676,77.54020429463542,79.20620038802618
833,13.881019830028329,-97.0916154383701,76.12861613446007,81.23692054173472
834,13.897683719380105,-97.08813823228634,77.51199746939677,81.19778226665602
835,13.914347608731878,-97.2321419795071,76.60050062444877,82.00921536996701
836,13.931011498083652,-99.5948275216415,72.86268927562355,85.95356432951664
837,13.947675387435428,-98.63557343766597,76.18350813514176,85.16122720113526
838,13.964339276787202,-93.89368209923843,75.06095977506975,82.06829589997466
839,13.981003166138978,-95.84704447583334,78.48412424392083,84.63351272167063
840,13.997667055490751,-96.78371856429885,78.88310798630262,85.05784330500033
841,14.014330944842527,-94.86614729545266,78.19090832736669,82.86638838293105
842,14.030994834194301,-95.12369876464616,76.49185128019049,83.4379037074181
843,14.047658723546077,-91.41705352240602,78.61460495432375,79.11300578778925
844,14.06432261289785,-92.44295554108893,76.26940008181494,79.60045993693403
845,14.080986502249626,-93.33647210876805,75.37674525404249,80.51377888127757
846,14.0976503916014,-92.64611627879381,76.21036106545006,80.38306283569793
847,14.114314280953176,-94.55807854547066,74.5301587003065,87.37146586725243
848,14.13097817030495,-95.40385294071372,80.07641127480804,90.75915036825572
849,14.147642059656725,-98.50202865557344,76.88395989835118,91.08181898960007
850,14.164305949008499,-100.6297981271073,79.15548623374272,94.84931248306607
851,14.180969838360273,-99.26690794784203,79.39980197202883,94.577407522727
852,14.197633727712049,-97.15994202871937,75.61570571130721,94.85164688887333
853,14.214297617063822,-101.0846368175382,77.83997131669297,99.14541814453656
854,14.230961506415598,-95.4435039278589,74.93949877129083,94.60573520211305
855,14.247625395767372,-98.16236971907485,77.72540865120617,96.57766472004025
856,14.264289285119148,-101.72837169052849,77.26023574716365,100.5917461120823
857,14.280953174470921,-103.25803198009517,76.27131381788365,101.96866895144383
858,14.297617063822697,-94.94521479589231,77.6669133978049,94.01864373132794
859,14.314280953174471,-100.62168179372256,78.45419235890118,99.3683419276899
860,14.330944842526247,-102.35360623437433,77.74415301203358,101.59727607986727
861,14.34760873187802,-101.46040016146779,78.58359362455234,100.95570845437317
862,14.364272621229796,-94.31151317938804,77.21453875622893,93.0633834620195
863,14.38093651058157,-91.0767932954677,75.73144409253707,100.2318385503015
864,14.397600399933346,-95.71042634531244,75.88713274924116,105.74531581318627
865,14.41426428928512,-96.99286820745503,76.56226799135928,106.6948767424057
866,14.430928178636893,-89.83783741629,74.63830751476974,100.2456811460354
867,14.44759206798867,-98.84278379940942,74.09034584334303,107.76995746537528
868,14.464255957340443,-110.45000723115157,80.07871026918573,123.1444900830242
869,14.480919846692219,-89.41476038793304,76.18666885351206,103.1368131417505
870,14.497583736043993,-101.09752205865564,77.88746869145572,115.7954061749323
871,14.514247625395768,-104.30233680062953,77.06927178930135,117.27114998961471
872,14.530911514747542,-94.65507522325724,79.25914867779596,109.99900698273439
873,14.547575404099318,-95.4500245837468,78.66785529952627,112.17302285371929
874,14.564239293451092,-92.84314728740826,78.95646257183192,109.65175482125248
875,14.580903182802867,-97.40934670612828,78.45060976877545,112.96675863406553
876,14.597567072154641,-96.45830055273943,79.24512112389473,113.18212187782602
877,14.614230961506417,-99.40784498695305,78.36351478824024,114.43521415271135
878,14.63089485085819,-99.87718663817083,80.76509172886382,115.91971290961402
879,14.647558740209966,-110.38235702673558,80.10570344184201,124.72365550663409
880,14.66422262956174,-93.7222906165337,77.33487811337923,120.59499496779945
881,14.680886518913514,-102.45093186608467,83.39817419735257,126.5955634554408
882,14.69755040826529,-100.7725970694763,81.43085486342288,126.79892661848274
883,14.714214297617064,-103.91893904393957,81.95143056714643,129.77287508439724
884,14.73087818696884,-101.7655974988854,80.68417421261174,127.5070940375986
885,14.747542076320613,-87.70129881670545,79.67097429977483,115.2198185329343
886,14.764205965672389,-83.15142764491635,80.51282546234896,110.63545244812549
887,14.780869855024163,-81.11381812829903,82.46807958883745,110.8927854299786
888,14.797533744375938,-86.16620126169379,84.45514366272258,115.47469184756827
889,14.814197633727712,-79.29919926704075,83.92697594111499,108.54745601161179
890,14.830861523079488,-104.19085716870136,84.19180916032714,131.140429987156
891,14.847525412431262,-89.86723289844814,82.00178445887421,118.65572023410758
892,14.864189301783037,-96.17291768694226,83.20756646573142,124.84565713897128
893,14.880853191134811,-99.38740775104971,83.63631472710411,127.92119782181163
894,14.897517080486587,-93.7552493680458,84.03937840292974,123.20163633263778
895,14.91418096983836,-95.75803366325844,83.79101148295854,124.65878910458568
896,14.930844859190135,-101.30918379358295,82.63377022718045,128.18815690317632
897,14.94750874854191,-83.03826180043443,80.54445389890971,110.5967454441834
898,14.964172637893684,-92.95721191203154,83.27246783037901,120.84421782220502
899,14.98083652724546,-92.67561201621513,83.3607924403202,120.55460160969264
900,14.997500416597234,-82.95170661712501,84.03960861276457,110.97362740556946
901,15.01416430594901,-87.2873476499667,84.27573351272395,114.59793669191522
902,15.030828195300783,-96.0389605476076,82.41092470034131,125.66586076609387
903,15.047492084652559,-90.85337231229677,83.62455563220315,119.27197151946831
904,15.064155974004333,-92.96928920042927,85.96978264355833,120.61093047913673
905,15.080819863356108,-87.95906522383454,84.03786581577852,116.19265834278912
906,15.097483752707882,-88.8406297575786,84.75162887676048,116.64447853686804
907,15.114147642059658,-84.39266710570793,84.32715183457842,112.77453066680891
908,15.130811531411432,-95.76247001231317,84.87948399222532,125.32446448785375
909,15.147475420763207,-89.32695947470677,86.04690426412918,118.55706968326629
910,15.164139310114981,-88.15962064902622,82.37805146139961,116.61076235704756
911,15.180803199466755,-100.23316399362223,83.86393619694216,128.80478197536203
912,15.19746708881853,28.340511457941403,90.0,0.0
913,15.214130978170305,-95.51872316398634,83.91736407131033,124.39933537661871
914,15.23079486752208,-105.56651086811112,83.82066859399997,134.74501388584468
915,15.247458756873854,-82.37117941515851,84.15654949794063,109.11362216364222
916,15.26412264622563,-86.72719556003979,86.27547949533773,113.42151846132235
917,15.280786535577404,-94.26395453688318,83.3931263481531,121.40209666288744
918,15.29745042492918,-95.77267323447411,82.70795145051254,122.89818783565269
919,15.314114314280953,-93.46449530865218,83.1555591392305,119.77876737201265
920,15.330778203632729,-90.14943033639187,82.93386435909726,116.42020218269538
921,15.347442092984503,-93.85136747347201,84.8018969399199,118.812579555599
922,15.364105982336278,-80.3629753093239,84.4530587695242,106.39083617765641
923,15.380769871688052,-85.03715685412449,84.18853666983351,110.30348753550778
924,15.397433761039828,-89.74398889373445,84.14746622855621,115.60224157977656
925,15.414097650391602,-84.1264485629027,83.0591754609606,108.79968947571281
926,15.430761539743377,-88.60352300513598,84.25874158375893,114.36488884234345
927,15.447425429095151,-88.50385707435986,83.05493770073745,113.68763942917279
928,15.464089318446925,-83.29087668156149,84.11323700342116,108.82559143719222
929,15.480753207798701,-98.53547192404702,83.7191798315707,124.25854850177923
930,15.497417097150475,-98.13690407765871,82.9712745118447,124.08807555719847
931,15.51408098650225,-85.02599847485924,83.64559566677394,111.26599517306501
932,15.530744875854024,-97.00066554087184,85.04721837060906,123.04633953593695
933,15.5474087652058,-89.57838272099683,82.26396180499053,113.61136672578995
934,15.564072654557574,-93.09463513434163,82.78468530121641,117.0580746979511
935,15.58073654390935,-88.6778320962892,83.91233838329262,113.12042889083196
936,15.597400433261123,-97.08344533092168,83.15518661683383,121.17469672105373
937,15.614064322612899,-94.34037220262567,83.36534284859451,118.54972185320688
938,15.630728211964673,-97.28712074936945,82.47397003942612,120.61748962486018
939,15.647392101316449,-88.50295727138206,80.40324653449932,112.0048632718399
940,15.664055990668222,-96.15559982220667,82.26259192457344,118.99761410814553
941,15.680719880019998,-95.42203962027591,81.63019687529494,118.18549422488367
942,15.697383769371772,-92.30323439257657,82.22095097922335,114.84408522255842
943,15.714047658723546,-95.14211638707468,81.68293910500289,117.84265269394822
944,15.730711548075321,-91.26391925193744,83.10675858412391,114.34399119215342
945,15.747375437427095,-89.46210733127295,82.01871300907571,112.27006575544736
946,15.764039326778871,-102.60223992482527,84.23992781663866,126.04851360121009
947,15.780703216130645,-95.10667845164852,82.07402221804386,118.78361809565429
948,15.79736710548242,-96.78002851387156,83.46055004874086,120.33166570969199
949,15.814030994834194,-104.52991922835791,85.55696935106982,128.36755119271882
950,15.83069488418597,-93.33278030714358,81.47902887403961,117.10820989200631
951,15.847358773537744,-89.8076774726279,82.65992015870907,110.93193772339228
952,15.86402266288952,-87.33760947223091,82.34480581504299,107.88102339713889
953,15.880686552241293,-91.57749640235822,81.63989205137977,112.72709062778061
954,15.897350441593069,-95.92796703947484,81.9347640222835,117.27950780585849
955,15.914014330944843,-100.1909758928296,83.40929301416422,121.67759513697081
956,15.930678220296619,-93.04899039435497,83.02034085070241,112.90596877988551
957,15.947342109648392,-95.8040262801374,81.63111192358375,116.9095882247549
958,15.964005999000166,-92.25497447861645,83.8310519441448,112.35939991037678
959,15.980669888351942,-95.89515227528396,83.75232482811703,115.98581757552056
960,15.997333777703716,-92.01996643335858,84.04665073679642,112.10179936328798
961,16.01399766705549,-91.50412779783967,84.73094895188122,111.76613405870842
962,16.030661556407267,-91.12561662995799,83.3813234328494,111.76475588423644
963,16.04732544575904,-93.68888127042845,83.12679102515554,113.75969409916301
964,16.063989335110815,-101.3048476741244,82.90195465092337,121.17292080675294
965,16.08065322446259,-94.25618060229213,83.1027476689929,114.98896649099586
966,16.097317113814366,-96.54258666735723,83.84145273284629,116.76390477207802
967,16.11398100316614,-91.0090823031213,83.98024477631486,110.89523800738479
968,16.130644892517914,-90.65493252972962,83.6963708681845,110.96084625180669
969,16.14730878186969,-98.8799443745468,84.61948152031398,119.38812651667003
970,16.163972671221465,-93.61955798595896,83.18582954700453,112.76866768914427
971,16.180636560573237,-90.23623663727827,82.84656310819884,109.58142698349734
972,16.197300449925013,-93.03439645712515,83.70041563366662,111.5955763515513
973,16.21396433927679,-89.17370519090116,84.0765239134811,108.2484703977468
974,16.23062822862856,-91.92966351646656,83.45464533944487,110.7926629758178
975,16.247292117980336,-92.95924839826343,83.04579290871744,112.13999566118501
976,16.263956007332112,-91.93204150994092,84.09627955571725,110.44329041893982
977,16.280619896683888,-93.26181364528004,82.99604499307877,112.17000250235061
978,16.29728378603566,-79.8145659871912,84.4534120862677,98.18267617242506
979,16.313947675387436,-96.12113254388605,84.41303189395053,114.76505395755623
980,16.33061156473921,-87.34391874972225,84.34556161475618,106.0453294415602
981,16.347275454090987,-94.76245148302299,83.77127625014786,114.00477497569099
982,16.36393934344276,-89.90723718647796,83.03851949401594,107.96546663737811
983,16.380603232794535,-90.48981081204782,84.7085348118495,108.92707313412508
984,16.39726712214631,-88.26040328795575,84.79150365735258,107.22649038983961
985,16.413931011498086,-84.16390643738517,84.03997038897701,103.18692731063021
986,16.430594900849858,-88.84998314408715,83.14937215171024,107.4852381166326
987,16.447258790201634,-89.95752528362212,81.55821925255792,108.49806401923698
988,16.46392267955341,-92.90093196376978,83.53473611549697,110.91980621172567
989,16.48058656890518,-96.88488735745466,81.47649393843855,115.2446967080718
990,16.497250458256957,-93.6244464272711,83.49771867920715,111.14820861458414
991,16.513914347608733,-92.62460839850779,82.61254471060799,110.68416237161932
992,16.53057823696051,-91.11506736805758,83.33352550728338,108.551340008671
993,16.54724212631228,-93.83697510277537,82.05050427472483,111.94942618375855
994,16.563906015664056,-96.05372188323288,82.35737805805626,113.07622353633971
995,16.58056990501583,-94.61214806237061,82.898417933324,112.62451846074501
996,16.597233794367607,-93.6799397233762,82.86914153452557,111.12947061324158
997,16.61389768371938,-95.89495826662825,84.70572119189228,113.78645647355061
998,16.630561573071155,-95.77208389413096,81.75714107022318,113.3382286177104
999,16.64722546242293,-86.36087132747436,82.48237055507657,103.86345047692431
1000,16.663889351774706,-94.22588545380613,84.26304465045872,111.78930844185054
1001,16.68055324112648,-93.91406295281051,83.02174618396865,111.49244544459165
1002,16.697217130478254,-93.83259568367366,82.84771503150179,111.15943150633649
1003,16.71388101983003,-96.49875423197143,85.65846155210095,113.81790323994944
1004,16.730544909181802,-94.14091849758806,83.06211515343546,111.42553403554123
1005,16.747208798533578,-98.35245603806034,83.64899074225701,116.43849915163534
1006,16.763872687885353,-95.59161930140431,84.19680578226426,114.00017438666481
1007,16.78053657723713,-93.29569281745728,83.77086707314862,110.88484569770709
1008,16.7972004665889,-92.95901807643669,83.02326426027558,111.05914851578103
1009,16.813864355940677,16.258958062817705,90.0,0.0
1010,16.830528245292452,-90.26507446699839,84.53330786985642,106.6546618537791
1011,16.847192134644228,-93.76794165660655,85.2762731785484,110.08890692809729
1012,16.863856023996,-88.93812398736335,84.27535688984882,105.89097690116586
1013,16.880519913347776,-89.43719912046835,84.66549402820175,106.36117420645368
1014,16.89718380269955,-84.71654603152932,84.73868976966243,101.22459465305988
1015,16.913847692051327,-88.36070473132834,83.33114309313135,104.96085329194104
1016,16.9305115814031,-97.08283213933767,85.67450609857572,113.75942293471302
1017,16.947175470754875,-91.98934450409796,84.95220308903629,108.91675867621714
1018,16.96383936010665,-90.05729753192084,84.44860889919742,106.27172129024613
